price_1,price_2,price_3,price_4,price_5,price_6,price_7,price_8,price_9
26,28.28125,20.562551,29.65625,40.6875,25.078125,31.015625,28.8125,28.3125
25.703125,28.578125,19.902517,28.71875,40.015625,24.640625,30.734375,28.46875,27.5625
26.1875,29.15625,18.861698,28.484375,39.625,24.03125,30.6875,27.375,26.03125
26.71875,29.84375,19.648661,29.015625,40.5,24.25,30.328125,27.59375,27.09375
26.65625,29.84375,20.080219,29.171875,40.0625,24.8125,29.8125,27.9375,27.375
25.65625,28.890625,19.69943,29.640625,41.75,25.25,29.90625,27.953125,27.40625
25.1875,28.84375,19.69943,29.484375,43,25.375,29.515625,27.796875,26.9375
25.34375,30.03125,18.950548,29.609375,43.5625,24.875,29.109375,27.96875,26.96875
24.546875,28.9375,18.60784,29.328125,43.1875,24.296875,29.421875,28.171875,26.28125
22.859375,27,18.074736,28.046875,41.09375,23.265625,28.734375,26.546875,25.53125
23.8125,27.34375,17.668562,28.359375,41,23.125,29.578125,26.71875,26.21875
24.296875,26.109375,18.887083,29.390625,42.515625,24.46875,29.5,27.484375,28.109375
23.4375,26.328125,16.957758,27.34375,39.859375,22.765625,28.5,25.796875,26.328125
24.0625,27.578125,19.039398,27.484375,39.875,24.59375,28.328125,26.6875,27.703125
24.265625,27.03125,20.765638,28.125,42.5,24.828125,29.9375,28.171875,28.390625
24.484375,25.5625,21.146425,27.625,43.671875,25.09375,29.6875,28.140625,28.28125
24.34375,27.875,21.070269,27.875,45.25,24.8125,29.5625,29.0625,28.71875
24.703125,28.34375,20.791023,28.625,47.546875,25,29.375,29.3125,28.5
24.171875,27.25,20.004063,28.09375,48.53125,25.25,28.921875,28.6875,28.5625
24.640625,27.125,20.257919,28.109375,49.625,25.109375,29.484375,29.25,28.953125
24.78125,26.3125,19.826361,27.734375,49.6875,23.71875,29.078125,29.890625,29.09375
26.203125,27,18.734768,28.53125,51.5625,23,29.0625,30.25,30.1875
25.390625,27.09375,19.242485,28.3125,53.34375,23.3125,28.828125,30.4375,30.078125
26.578125,27.09375,19.30595,29.609375,53.875,23.03125,28.140625,30.890625,31.0625
27.453125,28.078125,18.709383,29.375,51,24.375,27.484375,29.796875,30.5625
26.5625,28.0625,19.43288,29,52.875,24.15625,26.96875,32.09375,30.140625
24.859375,29.09375,18.150894,28.328125,53.625,23.328125,27.875,31.9375,28.890625
23.46875,26.6875,18.227051,27,48.9375,22.8125,26.421875,30.25,27
23.421875,26.3125,18.341288,27.109375,54.125,22.71875,27.109375,31.640625,28.0625
21.71875,25.71875,17.465475,25.46875,54.375,21.578125,26.234375,30.65625,26.984375
21.765625,26.515625,16.450041,25.796875,53.625,21.28125,24.984375,28.203125,25
21.0625,24.8125,16.094639,25.328125,55.28125,20.203125,23.4375,27.34375,24.28125
20.96875,26.875,17.00853,26.34375,58.578125,20.265625,26.234375,28.640625,25.828125
20.375,27.75,16.285032,25.78125,59.75,19.578125,25.578125,27.828125,24.96875
22,27.78125,18.82362,27.59375,59.875,21.09375,26.640625,29.3125,28.265625
22.515625,28.03125,20.20715,29.046875,63.984375,20.578125,25.9375,31.21875,28.359375
23.046875,29.3125,19.712124,29.203125,60.5625,21.21875,26.734375,30.671875,29.265625
22.875,28.859375,19.496344,29.578125,60.5625,21.8125,27.734375,30.765625,30.125
22.625,28.5,18.252438,27.59375,49.5,21.734375,27.625,27.71875,28
22.5,28.609375,19.242485,28.71875,52.875,22.75,27.625,29.59375,29.21875
22.28125,28.875,19.902517,29.625,55,22.34375,28.484375,30.3125,28.65625
22.78125,30.0625,18.760155,29.5625,53.421875,23.21875,27.5625,28.84375,27.828125
23.15625,31.609375,19.344028,30.09375,50.125,23.3125,28.15625,29.125,28.6875
23.25,31.8125,19.648661,29.6875,48.5625,23.984375,27.84375,28.84375,28.140625
21.53125,30.890625,19.69943,28.78125,47.1875,24.3125,28.0625,28.03125,26.28125
22,30.875,21.882616,29.953125,53.84375,23.171875,28.53125,30.03125,28.0625
21.3125,31.171875,20.51178,29.1875,54.125,23.734375,29.171875,29.8125,26.3125
21.375,31.75,19.496344,28.984375,54.375,24.21875,28.84375,30.125,25.84375
20.234375,31.421875,19.445574,27.59375,53.828125,24.0625,29,29.5,25.125
19.640625,30.34375,19.293259,28.28125,54.1875,25.234375,27.25,29.5625,25.59375
19.65625,29.703125,20.359465,28.46875,54.5,25.203125,28.640625,29.875,27.71875
20.703125,30,20.943338,29.6875,56.9375,24.28125,28.234375,30.40625,28.21875
20,28.9375,20.968725,30,54.9375,24.125,28,29.46875,27.625
19.71875,29.375,20.638708,28.28125,50.28125,24.578125,27.59375,28.84375,26.53125
19.984375,30,22.504568,29.21875,51.46875,25.0625,28.640625,30.265625,26.140625
21,31.25,22.631498,30.875,51.875,24.4375,28.296875,30.09375,26.75
20.796875,32.375,22.364946,30.71875,54.1875,24.28125,28.03125,30.125,26.15625
20.3125,32.625,22.149166,31.40625,55.296875,24.53125,28,30.296875,26.109375
20.0625,32.703125,22.745735,31.84375,56.5625,23.875,29.09375,30.125,25.421875
19.46875,32.875,23.532698,31.4375,53,23.703125,30.5,29.1875,26.328125
18.375,33.9375,23.266146,30.375,50.765625,23.625,30.53125,29.15625,26.359375
17.5,31.984375,22.821894,29.71875,49.25,24.9375,30.28125,28.375,25.640625
18.171875,32.765625,23.558083,30.5625,46.375,24.984375,32.28125,29.0625,24.890625
18.5625,32.25,22.796507,30.25,44.421875,25.171875,32.1875,29.34375,24.015625
17.46875,33,21.628757,29.71875,43.4375,25.234375,31.65625,28.015625,22.3125
17.234375,33.0625,22.060316,29.4375,45.28125,25.5,31.671875,27.6875,23
18.1875,31.125,22.352255,29.828125,42.359375,26.203125,32.625,28.296875,22.953125
19.5,31.625,23.304224,30.96875,44.3125,26.34375,33.8125,29.859375,24.640625
19.40625,32.0625,23.037674,30.65625,38.75,27.359375,34.125,28.453125,22.921875
19.140625,32.484375,22.187246,30.78125,40,27,33.53125,28.125,24.21875
19,33,21.20989,30.71875,38.625,27,33.71875,27.171875,23.34375
19.90625,30.875,22.034931,30.453125,35.203125,27.234375,33.484375,27,24
20.375,30.984375,23.456539,32.234375,37.6875,27.28125,33.34375,28.140625,25.265625
19.96875,30.796875,22.529955,30.25,34.6875,27.21875,33.625,27.6875,23.71875
21.359375,32,23.443846,30.15625,32.734375,27.5,32.171875,26.953125,24.5
21.421875,33.1875,23.964256,31.25,31.3125,28.5625,33.1875,27.25,25.59375
21.375,31.921875,23.608854,30.5,32.5,26,31.1875,28.25,27.03125
19.71875,31.515625,22.961515,30.90625,35.03125,25.75,31.21875,29.4375,26.84375
19.59375,30.609375,22.89805,31.03125,38.078125,25.8125,31.25,29.140625,25.625
19.953125,31.78125,23.97695,30.671875,37.375,26.328125,31.125,28.984375,27.0625
20.889999,32.25,24.004873,30.860001,35.639999,26.879999,31.35,29.26,27.99
20.6,33.919998,23.671812,30.120001,32.619999,27.17,32.02,29.25,26.75
20.620001,33.02,23.5987,30.08,31.99,26.629999,32.009998,29.190001,27.24
20.25,32.040001,22.103981,29.5,29.33,26.280001,31.940001,28.379999,26.43
21.639999,32.830002,22.355808,29.450001,27.799999,26.639999,31.700001,28.610001,26.299999
22.52,34.07,22.339561,30.15,27.15,26.209999,31.48,28.59,27.5
20.25,31.450001,21.080421,27.01,25.440001,24.309999,30.1,27.07,25.5
19.75,30.530001,20.438667,26.09,26.799999,23.709999,28.950001,25.799999,25.18
19.969999,30.700001,21.559708,26.59,24.799999,24.719999,31.290001,26.82,26.09
20.469999,30.639999,20.690496,26.360001,23.35,24.42,30.57,26.59,25.98
21.35,31.66,21.624695,27.85,26.540001,24.450001,31.440001,27.1,25.27
21.83,32.060001,22.290819,29.379999,30,24.379999,31.68,28.98,27.110001
22.42,33.869999,22.705118,29.940001,28.370001,25.059999,32.77,28.799999,27.790001
22.690001,32.689999,22.989439,29.92,29.549999,25.42,32.599998,28.860001,27.75
22.719999,32.77,22.380178,30.09,28.5,25.18,32.389999,28.959999,28
24.379999,34.68,23.062551,31.950001,29.49,26.01,33.299999,30.1,28.58
23.09,33.380001,23.298132,31.16,29.65,25.4,32.68,30.24,28.24
23.139999,33.400002,23.281885,30.780001,28.1,25.91,32.75,29.809999,27.85
23.43,32.790001,23.103168,30.709999,29.030001,25.83,31.879999,29.9,28.110001
22.23,32.389999,22.404549,29.85,26.450001,25.32,30.82,28.9,26.98
21.799999,31.530001,23.395613,29.5,26.4,25.120001,30.59,29.110001,27.98
22.059999,30.35,23.070675,28.9,28.17,24.309999,31.15,29.549999,27.67
21.870001,30.389999,22.721365,28.73,25.9,24.23,31.549999,28.860001,26.67
22.389999,29.67,22.859465,29,27.34,24.299999,31.629999,29.16,28.66
22.379999,29.66,22.607635,29.25,26.299999,25.280001,31.1,28.83,29.15
21.67,30.32,22.672625,28.9,26.309999,24.690001,30.77,29.17,28.700001
21.700001,29.42,23.013809,29.18,26.9,25.08,31.09,28.99,28.860001
21.73,28.98,22.583265,29.040001,25.540001,25.07,30.76,28.6,28.18
21.709999,29.33,22.079611,28.370001,24.129999,25.459999,30,27.889999,27.18
22.25,29.620001,22.185215,28.870001,24.959999,26,30.34,28.809999,27.280001
21.91,28.73,21.340374,27.85,23.02,25.17,29.77,27.49,26.370001
20.959999,28.780001,20.227457,26.5,21.02,24.9,29.629999,26.07,24.629999
20.549999,28.870001,20.268076,26.450001,21.469999,25.450001,30.120001,25.73,24.42
17.65,25.08,17.790415,21.68,18.34,23.51,29.129999,21.959999,21.049999
19.200001,25.82,20.04874,23.67,19.25,25.059999,29.26,23.5,22.969999
19.58,27.200001,19.870024,24.51,20.67,25.42,29.91,23.9,24.1
20.200001,28.309999,19.894396,25.059999,21.92,25.35,29.459999,24.360001,24.85
19.709999,26.950001,19.756296,24.34,21.23,25.6,29.530001,23.49,24.059999
20.68,28.01,20.714867,25.700001,22.58,25.620001,28.26,24.26,25.040001
20.459999,26.530001,20.194963,24.969999,22.120001,25.440001,28.059999,24.08,25
21.040001,27.35,20.893581,25.82,23.530001,25.389999,28.639999,24.67,25.799999
21.860001,25.299999,21.080421,26.620001,24.450001,25.68,28.469999,26.049999,26.85
22.27,26.07,21.527214,26.870001,24.389999,26.129999,28.219999,26.35,27.450001
22.219999,25.360001,21.04793,26.5,24.540001,26,27.370001,26.360001,27.4
22.17,25.98,21.462227,27.190001,25.6,25.82,27.700001,27.59,28.110001
21.200001,25.1,20.714867,26.32,24.52,24.75,27.15,26.4,27.51
21.43,25.9,21.275387,27.77,24.200001,25.76,27.559999,26.48,28.43
21.690001,27,21.567831,28.049999,24.559999,25.549999,28.02,27.370001,29.040001
22.4,26.459999,21.770918,27.700001,25.84,25.16,28.450001,27.620001,29.07
21.25,25.549999,21.324127,26.559999,25.1,25.030001,27.83,27.549999,28.26
20.07,24.9,21.478474,25.68,24.030001,25.15,27.65,26.969999,28
21.59,26.049999,21.665314,26.290001,23.780001,25.1,27.219999,27.049999,28.5
21.82,25.889999,20.86109,25.75,23.299999,25.25,27.08,26.700001,29.24
21.780001,25.190001,20.536148,24.889999,22.25,24.940001,26.42,27.25,28.4
22.5,25.780001,20.528027,25.389999,21.85,25.5,26.77,27.35,29.200001
22.799999,26.48,19.983753,25.84,20.48,25.790001,26.469999,27.6,29.190001
23.42,27.01,21.039804,27.219999,21.690001,26.25,27.549999,28.51,29.98
23.540001,28.219999,22.038994,28.49,23.290001,25.91,28.200001,29.24,30.35
23.709999,28.68,22.420795,28.07,22.16,26.43,27.91,29.620001,30.549999
23.33,28.42,22.014622,27.23,21.75,26.16,27.969999,29.51,30.049999
23.709999,28.889999,22.055241,27.24,21.67,26.1,28.18,29.59,30.040001
23.17,27.969999,22.071487,26.93,20.700001,25.379999,27.940001,29.530001,29.299999
23.360001,27.1,22.079611,26.82,19.799999,25.65,27.07,29.559999,30.450001
23.6,28.77,22.258327,26.469999,20.549999,25.83,27.129999,30.360001,30.049999
22.610001,27.799999,21.429731,25.209999,18.799999,25.280001,26.309999,29.799999,29.450001
23.26,28.33,21.746548,25.540001,17.969999,25.25,26.4,29.65,29.23
23.49,27.530001,21.234768,25.049999,18,24.860001,25.549999,29.07,28.620001
24.110001,27.76,22.201462,26.26,19.940001,25.16,25.959999,30.27,30.25
24.09,27.98,21.746548,25.950001,18.9,24.84,26.959999,29.709999,29.32
23.709999,27.360001,21.429731,25.469999,18.26,24.85,26.25,29.82,29.049999
23.049999,26.389999,20.682371,24.129999,17.360001,23.98,25.18,29.299999,28.280001
22.629999,25.809999,20.251827,23.84,16.84,23.610001,25.01,27.809999,28
22.67,25.719999,20.259951,23.690001,15.7,22.99,24.6,27.27,27.620001
23.190001,26.200001,20.422421,23.85,15.82,22.25,24.25,27.68,27.469999
22.940001,26.200001,20.251827,23.940001,16.059999,22.459999,23.379999,26.83,27.66
21.540001,23.57,18.968319,22.35,15.42,20.790001,21.120001,24.9,25.440001
19.6,21.4,17.449228,20.68,14.84,18.879999,18.83,22.67,22.68
20.309999,21.299999,17.246141,20.969999,13.39,20.450001,18.75,24.83,23.129999
19.57,21,17.798538,21.200001,13.4,21.059999,19.98,25.92,22.41
20.84,22.549999,18.984566,22.530001,14.05,21.860001,21.02,27.209999,23.25
20.280001,23.299999,19.155157,22.379999,15,21.99,21.120001,27.24,24.85
20.530001,23.219999,19.22827,22.66,15.19,21.790001,22.15,27.860001,25.34
20.450001,22.91,19.073923,22.15,14.2,21.469999,21.5,27.139999,24.92
19.780001,22.35,18.480909,21.48,13.9,21.16,20.719999,26.5,24.780001
19.790001,22.360001,18.172218,21.08,13.9,21.370001,20,26.639999,25.049999
18.93,21.27,16.815598,20.41,12.83,20.4,18.59,25.620001,24.33
17.969999,21.58,16.774981,19.709999,12.24,20,18.42,25.5,23.52
17.549999,21.360001,15.686434,19,11.9,20,17.459999,25.27,22.379999
18.09,21.280001,16.742485,19.48,12.96,20.440001,16.48,26.309999,22.780001
18.950001,22.629999,18.261576,20.4,13.78,20.85,16.34,27.91,24.26
19.02,21.75,18.521526,20.76,14.53,20.83,17.65,27.34,25.129999
19.1,22.120001,18.586515,20.75,15.2,20.82,18.33,27.129999,24.559999
19,21.85,18.066612,20.59,15.2,20.290001,17.92,27.77,24.129999
19.299999,21.879999,18.683996,20.450001,15.79,20.33,18.15,27.780001,25.049999
19.83,22.02,19.147036,21.379999,16.77,20.09,19.02,27.799999,25.07
20.950001,22.440001,19.008936,21.549999,17.1,19.99,18.77,27.690001,25.32
20.17,22.9,18.554022,21.030001,16.09,20.209999,18.190001,27.469999,24.5
19.76,22.870001,18.196589,20.540001,15.28,20.18,19,26.98,23.52
19.99,22.940001,18.399675,20.82,15.35,20.01,19.25,26.68,23.48
19.700001,22.18,17.806662,20.290001,15.03,19.9,19.139999,26.190001,22.75
20.25,22.76,18.50528,21.190001,15.66,20.299999,19.799999,27.549999,23.43
20.57,22.09,19.090172,21.23,16.540001,20.41,20.280001,27.51,24.219999
20.190001,22.219999,18.765232,20.66,15.22,20.5,19.709999,27.1,23.75
19.360001,21.32,17.733549,19.51,14.68,19.530001,18.98,26.32,22.629999
18.85,21.77,17.644192,19.48,14.45,19.26,18.700001,26.459999,22.34
18.459999,21.639999,16.783104,19.15,14.04,18.92,17.9,25.75,21.65
18.360001,21.469999,16.945574,19,14.43,19.049999,17.58,25.32,21.75
18.709999,22.23,17.262388,19.5,14.75,18.950001,18,25.790001,22.16
18.35,22.41,17.099918,19.18,14.52,18.67,17.700001,25.870001,22.24
17.700001,22.6,16.815598,18.83,14,18.120001,17.950001,26,21.629999
18.120001,21.799999,16.718115,19.049999,14.61,18.51,17.91,25.450001,22.049999
19.66,22.379999,17.969131,20.58,15.53,19.49,18.74,27.34,24.280001
18.68,22.68,17.270512,19.620001,14.7,18.75,18.49,27.030001,23.209999
18.879999,22.389999,17.863525,20.049999,14.88,18.85,18.700001,27.530001,23.889999
18.610001,22.110001,17.814785,19.940001,14.41,18.92,18.639999,26.780001,23.82
19.32,22.299999,18.554022,20.5,15.21,19.1,19.139999,26.67,24.73
19.43,22.24,18.594639,20.74,15.31,18.84,19.719999,27.209999,24.719999
20.16,22.59,19.277012,21.370001,16.09,19.25,19.879999,28.1,25.4
20.27,23.030001,19.122665,21.450001,16.32,19.43,20,28.16,25.67
20.33,23.59,19.520716,21.6,16.5,19.4,21.02,28.65,25.93
20.219999,24.120001,19.179529,21.280001,16.139999,19.639999,21.9,27.74,25.610001
20.66,24.48,19.95126,21.98,16.950001,20.059999,22.01,28.17,26.74
21.23,24.77,20.649878,22.77,17.200001,20.32,22.1,29.190001,27.379999
21.120001,24.950001,20.58489,22.85,17,20.360001,22.32,29.32,27.459999
21.09,24.450001,20.34931,22.92,17.52,20.290001,22.52,30.200001,27.379999
20.74,24.200001,20.016247,22.35,17.120001,20.129999,22.02,29.52,26.92
20.790001,23.959999,20.333063,22.48,17.459999,20.34,22,29.59,27.25
20.74,23.709999,20.77173,22.629999,18.01,20.299999,21.450001,29.65,27.889999
21,23.76,20.844843,22.6,17.549999,20.26,20.92,29.42,27.65
22.15,23.43,21.137287,23.219999,17.75,20.23,21,29.120001,27.75
22.129999,23.139999,20.406174,22.950001,17.51,19.93,20.549999,28.450001,27.559999
21.969999,23.85,20.568644,22.74,16.99,20.18,20.639999,28.57,27.48
22.450001,24.280001,20.796101,23.549999,17.370001,20.42,20.76,28.1,28.200001
22.709999,24.129999,20.34931,23.950001,18.16,20.17,20.719999,27.48,28.389999
22.98,24.68,20.568644,24.030001,18.440001,20.469999,21.049999,27.82,29
22.959999,24.700001,20.787977,24.290001,19.120001,20.629999,21.48,28.129999,29.190001
23.059999,24.49,20.666124,24.059999,18.93,20.610001,21.66,28.98,28.4
22.9,24.25,21.299755,24.4,19.559999,20.709999,21.75,28.790001,28.889999
21.83,23.93,20.56052,23.27,18.4,20.41,21.709999,27.809999,27.73
22.629999,24.700001,21.364744,24.1,19.209999,20.85,22.190001,28.370001,28.809999
22.82,24.9,21.616571,24.139999,19.540001,20.99,21.98,28.059999,29.360001
23.049999,24.629999,21.860275,24.24,19.42,21.049999,21.860001,27.950001,29.41
22.870001,24.32,21.673435,24.049999,19.030001,20.91,21.9,27.950001,29.09
23.91,24.280001,22.071487,24.73,19.620001,21.24,22.049999,28,30.09
23.99,24.209999,22.014622,24.940001,20.049999,21.4,21.809999,27.6,30.41
23.799999,24.57,21.779041,24.82,19.719999,21.15,21.83,29.030001,29.860001
23.459999,23.969999,21.567831,24.690001,19.280001,21.1,21.440001,28.34,29.5
24.450001,24.469999,21.990252,25.219999,19.9,21.49,22.1,28.6,30.360001
25.299999,25.530001,22.014622,25.450001,19.83,21.290001,22.33,28.98,29.92
25.85,26.27,22.217709,26.07,19.950001,21.41,22.450001,29.33,30.379999
26.049999,27.120001,22.404549,26.48,19.889999,21.4,22.74,29.52,30.860001
26.48,27.360001,22.550772,26.549999,20.08,21.48,23.139999,29.700001,31.08
26.559999,27.540001,22.818846,26.74,20.48,21.52,23.27,30.219999,31.219999
26.549999,27.969999,23.013809,26.9,21.4,21.43,23.290001,30.32,31.52
26.059999,27.780001,23.444353,27.799999,22.049999,21.59,23.33,30.459999,31.74
25.41,28.76,23.647442,27.42,21.65,21.719999,23.790001,30.780001,32.049999
25.51,28.17,23.5987,27.030001,21.25,21.780001,23.809999,30.98,31.309999
25.91,27.959999,23.956133,27.120001,21.23,22.42,23.549999,31.76,31.58
26.42,29.09,24.20796,27.18,21.08,22.41,23.77,31.540001,31.73
26.530001,28.99,24.183592,26.99,20.870001,22.870001,23.639999,31.32,31.74
26.84,29.65,24.272949,26.83,20.709999,23.02,24.26,31.309999,31.99
26.92,30.09,24.74411,27.030001,20.799999,23.129999,24.620001,31.629999,32.490002
25.68,29.26,24.02112,25.950001,20.16,22.620001,24.01,30.25,31.35
25.52,29.280001,23.801786,25.85,19.75,22.57,24.1,29.58,31.139999
25.700001,28.4,23.533712,25.99,20,22.469999,23.98,29.43,31.26
26.76,29.129999,24.04549,26.860001,20.879999,22.82,24.27,30.5,32.18
26.34,29.540001,23.988626,26.950001,20.75,22.83,24.08,30.4,32
26.530001,30.540001,23.452478,27.1,20.09,23.08,23.51,31.48,31.889999
26.35,30.1,23.249392,27.32,20.76,23.27,23.549999,31.35,32.259998
24.92,29.84,22.843218,26.4,19.389999,23.18,23.280001,30.860001,31.389999
24.01,29.76,22.307068,26.219999,19.6,22.940001,22.74,31.059999,30.34
24.33,29.85,22.542648,26.17,19.450001,22.719999,22.549999,30.700001,30.41
24.559999,29.110001,22.664499,26.219999,19.57,22.67,22.540001,30.16,30.49
25.620001,29.75,23.233145,27.049999,20.15,23.049999,23.559999,30.76,31.59
25.360001,29.68,23.265638,27.25,19.940001,23.23,23.4,31.09,31.610001
25.719999,30.24,23.436232,27.73,20.389999,23.450001,23.389999,31.08,32.049999
25.959999,31.219999,23.168156,28.02,20.129999,23.23,23.540001,30.860001,31.889999
26.32,31.52,23.233145,28.469999,20.51,22.93,23.73,30.440001,31.870001
26.139999,31.639999,23.119415,27.99,20.1,22.860001,23.719999,30.110001,31.27
26.120001,31.93,22.737612,28.049999,19.629999,22.92,23.59,29.68,30.73
26.34,32.650002,22.558895,28.129999,18.9,22.809999,24.08,29.309999,30.309999
25.440001,31.84,22.388302,27.51,18.85,22.120001,23.559999,28.92,30.129999
26.17,32.450001,22.721365,27.860001,19.440001,21.950001,24.120001,28.92,30.43
25.09,30.93,22.209585,26.709999,18.34,21.6,24.35,27.879999,29.18
25.129999,31.129999,22.347685,26.74,18.049999,22.07,24.469999,28.25,29.030001
26.450001,31.42,23.233145,27.59,18.66,22.370001,24.709999,29.190001,30.49
26.76,31.57,23.476849,27.9,18.84,22.43,24.799999,29.6,30.629999
27.030001,32.84,23.623072,28.190001,18.530001,22.700001,25.16,29.75,30.92
26.790001,33.119999,23.818033,28.360001,19.23,22.389999,25.26,29.719999,31.15
26.49,33.919998,23.744923,28.59,19.26,22.09,25.16,29.85,31.42
26.41,34.619999,23.119415,27.98,18.969999,21.530001,24.860001,29.17,31.200001
27.700001,35.43,23.509342,28.780001,19.6,21.879999,25.25,29.059999,31.59
27.65,36.189999,23.436232,28.370001,19.540001,21.610001,25.530001,28.02,31.540001
26.93,35.16,22.794476,28.139999,19.450001,21.51,25.58,27.709999,31.43
26.42,35.48,22.258327,27.780001,19.42,21.379999,25.66,27.040001,31.290001
27.290001,35.139999,23.241266,28.67,19.959999,21.799999,26.27,28.15,32.459999
28.370001,35.73,23.899269,29.82,20.67,22.75,26.940001,28.73,33.630001
29.18,35.900002,24.23233,30.559999,21.059999,22.969999,27.82,28.84,34.209999
28.940001,36.380001,23.793665,30.360001,21.01,22.65,27.299999,28.41,33.75
29.709999,37.66,24.102356,30.52,21.09,22.74,28.110001,28.610001,34.419998
29.389999,35.990002,24.386677,30.889999,21.620001,22.809999,27.059999,29.26,34.279999
28.99,35.549999,24.402924,30.85,21.280001,22.91,27.07,29.49,34.400002
29.25,36.049999,24.378553,30.92,20.959999,22.83,27.52,29.700001,34.529999
29.82,36.509998,24.841593,31.25,21.16,23.040001,28.01,29.959999,34.860001
29.73,36.32,24.800976,31.07,21.110001,23.08,27.85,30.190001,35.290001
28.74,34.970001,24.427296,30.17,20.450001,23.1,27.049999,29.75,34.330002
28.92,36.459999,24.15922,30.09,20.219999,23.190001,27.549999,29.67,34.509998
28.549999,36.400002,23.996752,29.51,19.73,23.17,27.469999,29.370001,33.709999
28.469999,37.110001,23.980503,29.809999,19.780001,23.290001,28.120001,29.200001,33.419998
29.52,39.049999,24.703493,30.450001,20.26,23.639999,29.1,29.83,34.150002
29.780001,40.419998,24.833469,30.620001,20.18,23.540001,29.09,29.950001,34.09
30.58,42.049999,24.199839,30.5,19.879999,23.469999,29.01,30.33,34.009998
31.389999,44.169998,24.337936,30.73,20.01,23.370001,29.25,30.59,33.740002
31.98,44.919998,24.5329,31.24,20.120001,23.73,29.709999,30.65,34.25
31.41,42.799999,24.118603,31.02,19.889999,23.25,29.25,30.200001,33.740002
30.83,43.779999,23.533712,30.58,19.450001,23.030001,29.16,29.58,33.419998
30.25,42.029999,22.826969,30.469999,19.370001,22.91,28.719999,29.799999,32.919998
30.07,43.93,22.745735,30.139999,19.389999,22.799999,29.25,29.6,32.900002
29.99,42.720001,23.005686,30.209999,19.59,23.09,29.450001,30.459999,32.939999
27.52,39.73,22.526402,28.950001,18.469999,22.860001,29.01,30.799999,31.469999
28.08,42.040001,22.534525,29.290001,18.82,22.620001,29.719999,30.49,31.34
28.01,40.549999,23.103168,29.32,18.870001,22.780001,30.049999,30.9,31.049999
28.76,41.099998,23.354996,29.58,19.129999,23.07,29.82,31.17,31.809999
27.01,38.799999,22.932575,29.17,19.360001,22.85,29.17,31.08,31.41
27.889999,39.650002,23.761169,30.26,20.030001,23.52,29.870001,31.469999,32.869999
28.030001,42,23.826159,30.33,20.309999,23.389999,30.040001,31.389999,33.09
28.1,42.630001,23.78554,30.219999,20.25,23.34,30.48,31.26,33.040001
28.129999,43.650002,23.842405,30.15,20.17,23.370001,30.719999,31.120001,33.130001
28.799999,45.84,24.069862,30.360001,20.299999,23.299999,30.870001,31.66,33.689999
27.34,44.939999,23.809912,29.290001,19.99,22.74,31.120001,31.1,32.84
27.120001,45.439999,23.964256,29.48,19.969999,22.83,31.85,30.99,32.860001
27.690001,46.240002,24.272949,29.82,20.450001,23,31.99,31.26,33.48
27.9,45.369999,24.671,30.030001,21.030001,23.360001,32.02,31.51,34.110001
28.77,47.389999,24.492283,30.5,20.959999,23.280001,31.799999,31.4,34.57
28.639999,47.599998,24.313566,30.5,21.049999,23.48,32.27,31.73,34.639999
28.59,48.389999,24.077986,30.02,21.16,23.139999,31.91,31.549999,34.110001
28.889999,50.169998,24.13485,30.27,20.790001,23.08,31.74,31.75,34.450001
28.1,48.18,24.167343,30.049999,20.76,23.18,31.639999,31.4,33.869999
27.27,47.990002,23.671812,29.620001,20.6,22.950001,32.150002,31.030001,33.450001
27.5,50.950001,23.956133,29.76,20.74,23.08,33,31.610001,33.049999
28,52.799999,24.264826,30.23,21.049999,23.360001,33.43,32.41,33.82
27.83,52.279999,24.329813,30.110001,20.98,23.08,33.59,32,33.139999
27.08,52.560001,23.842405,29.75,20.57,22.73,32.68,31.469999,32.290001
27.5,53.669998,23.980503,30.16,20.9,23.280001,33.599998,31.35,32.490002
26.59,49.529999,23.671812,29.799999,20.209999,22.84,32.27,30.75,31.700001
26.32,48.34,23.614946,29.629999,20.01,22.75,30.860001,30.809999,31.389999
26.52,46.02,23.850529,29.290001,20.17,22.870001,30.35,30.23,31.280001
27.48,48.27,24.622257,29.65,20.209999,23.08,31.049999,30.25,31.309999
27.85,49.5,24.88221,30.09,20.889999,23.18,30.889999,30.65,32.540001
28.610001,47.470001,25.67831,30.530001,21.15,23.5,30.639999,31.08,33.009998
29.299999,49.040001,25.751423,31.299999,21.549999,23.4,31.17,31.26,33.169998
29.700001,51,26.360682,31.610001,21.860001,23.700001,31.75,31.26,33.68
30.120001,51.169998,26.084484,31.690001,22.02,23.530001,31.57,31.18,33.59
30.209999,51.82,25.913891,31.450001,21.82,23.360001,32,31.200001,33.369999
29.799999,51.07,25.97888,31.67,21.57,23.799999,32.310001,31.700001,33.41
30.52,51.25,26.149471,31.84,21.389999,23.67,31.84,32.290001,33.080002
30.280001,50.310001,25.727051,31.42,20.9,23.290001,31.389999,31.719999,32.650002
31.389999,53.459999,26.376928,31.780001,22,23.5,32.18,32.560001,33.330002
30.58,54.459999,26.417547,31.620001,22.129999,23.48,32.200001,32.459999,33.560001
30.110001,56.41,25.44273,30.959999,21.27,23.17,32.709999,31.969999,32.950001
31.6,56.650002,26.133224,31.620001,21.709999,23.530001,32.389999,32.290001,33.43
31.08,55.220001,25.65394,31.440001,21.280001,23.23,31.66,32.009998,33.139999
30.9,52.540001,25.930138,31.860001,21.639999,23.209999,31.780001,32.040001,33.27
31.65,53.009998,26.344435,32.540001,21.93,23.629999,32.299999,32.689999,33.619999
31.719999,53.630001,26.718115,32.66,21.700001,23.68,32.529999,32.68,33.450001
31.74,54.130001,26.417547,32.740002,22,23.549999,32.299999,32.360001,33.48
31.309999,51.389999,26.515028,32.849998,21.719999,24.15,31.709999,32.43,33.360001
32.189999,53.650002,26.888708,33.790001,22.110001,23.959999,32.150002,32.720001,34.02
32.049999,53.860001,26.709991,33.68,22.09,23.98,31.49,32.68,33.790001
32.349998,54.400002,26.441917,33.799999,22.139999,23.6,30.83,31.98,33.66
32.810001,55.349998,26.466288,33.950001,22.26,23.41,30.67,31.280001,33.869999
32.950001,55.810001,26.385054,33.860001,22.1,23.26,30.24,31.02,33.599998
34.400002,59.740002,26.904955,34.889999,22.059999,23.42,31.25,31.16,33.669998
33.5,57.139999,27.587326,34.529999,21.85,23.83,31.32,30.99,34.09
34.639999,58.860001,27.749798,35.68,21.92,24.059999,32.18,30.780001,34.610001
33.790001,56.740002,26.969942,34.93,20.98,23.67,31.26,30.389999,34.09
32.25,54.02,26.482534,34.040001,20.6,23.620001,31.09,30.280001,33.68
32.560001,55.099998,26.758734,34.139999,20.76,24.09,31.629999,30.549999,33.669998
32.810001,56.529999,27.010561,34.34,20.709999,23.959999,32.540001,30.889999,33.970001
30.58,52.799999,26.555647,32.84,19.940001,23.780001,32.470001,30.43,33.139999
30.59,53.099998,25.848904,33.259998,20.190001,23.75,32.110001,30.309999,33.150002
30.940001,53.380001,25.686434,33.240002,20.030001,23.799999,31.66,29.98,32.880001
32.099998,56.75,26.271324,33.810001,20.33,24.190001,32.290001,30.24,33.389999
31.809999,56.689999,26.279448,33.27,19.98,24.360001,32.509998,30.41,32.900002
30.780001,57.82,25.686434,32,19.1,24,32.66,29.969999,31.389999
30.049999,54.48,26.222584,31.700001,19,24.440001,33.459999,30.969999,31.34
30.77,57.77,26.913078,32.02,19.83,24.690001,33.990002,32,32.259998
31.18,57.84,27.010561,32.060001,19.76,24.74,34.07,31.82,32.450001
30.76,58.150002,26.490658,31.23,19.709999,24.84,33.869999,31.559999,32.029999
31.68,57.48,27.246141,32.529999,20.83,25.190001,34.34,32.310001,33.09
31.57,58.220001,26.994314,31.940001,20.74,25.24,34.310001,32.52,32.240002
32.189999,56.5,27.229895,32.48,21.280001,25.66,34.799999,32.970001,33.189999
31.75,53.950001,27.181154,32.189999,21.09,25.540001,34.349998,32.720001,33.290001
31.17,51.849998,27.741673,32.73,21.700001,25.58,33.720001,33.139999,34.459999
31.110001,51.330002,27.798538,32.389999,21.6,25.48,33.549999,32.889999,34.380001
31.639999,53.450001,28.123478,33.34,22,25.379999,33.990002,33.189999,34.950001
31.98,52.689999,28.562145,34.25,22.299999,25.27,34.220001,33.259998,35.869999
32.75,53.98,28.830219,34.560001,22.809999,25.299999,34.549999,33.130001,36.630001
32.68,54.700001,28.537773,34.279999,22.76,25.540001,35.610001,33.860001,36.43
33.389999,56.169998,28.822096,34.25,22.76,25.959999,35.77,33.630001,37.060001
33.279999,56.599998,28.521526,33.919998,22.629999,25.469999,35.580002,33.07,36.599998
33.700001,57.450001,29.082047,34.5,23.09,25.549999,35.91,32.490002,37.330002
33.830002,57.099998,29.244516,35.400002,23.639999,25.889999,36.040001,33.220001,38.110001
35.080002,57.540001,29.268887,35.470001,23.76,25.73,36.200001,33.02,37.950001
34.720001,60.720001,28.813972,34.919998,23.32,25.530001,36.720001,33.23,37.630001
35.549999,60.27,29.41511,35.310001,23.389999,26.07,36.77,33.240002,38.220001
35.369999,61.009998,29.731924,35.200001,23.559999,26.059999,36.939999,33.41,38.450001
34.490002,58.59,29.67506,35.009998,23.040001,26.07,36.57,33.439999,38.23
34.84,58.630001,29.845654,35.009998,23.26,26.120001,36.720001,33.490002,38.360001
34.220001,55.919998,29.658813,34.959999,23.5,26.139999,36.110001,33.689999,38.25
35.23,55.439999,30.056864,35.580002,24.02,26.51,35.869999,34.279999,39.259998
35.77,56.580002,30.02437,35.619999,23.379999,26.610001,36.049999,34.669998,39.610001
36.080002,56.849998,29.910643,35.209999,23.35,26.49,36.25,34.23,38.830002
36.630001,58.630001,30.37368,36.189999,23.75,26.799999,37.099998,34.73,39.709999
36.599998,58.389999,30.194963,35.849998,23.540001,26.52,38.040001,34.540001,39.459999
37.709999,58,30.67425,36.66,23.9,26.91,38.240002,34.73,39.900002
38.400002,58.650002,30.30057,36.599998,23.98,26.82,38.669998,34.389999,39.849998
36.450001,56.049999,28.838343,34.84,22.639999,25.889999,38.049999,33.259998,37.779999
37.310001,57.400002,29.13891,35.450001,23,26.219999,38.200001,33.630001,38.259998
37.099998,56.389999,28.448416,35.25,22.950001,25.93,38.400002,33.200001,37.32
38.220001,60.220001,29.406986,36.360001,23.57,26.790001,39.849998,33.919998,38.66
38.049999,60.279999,28.943949,35.549999,23.32,26.65,39.700001,33.650002,38.029999
38.459999,61.75,29.049553,35.830002,23.860001,27.09,40.700001,34.619999,38.849998
38.880001,63.049999,29.000813,36.060001,23.889999,27.09,40.720001,35.43,38.900002
39.080002,63.099998,30.154346,36.82,24.23,27.6,41.57,36.16,39.57
39.34,64.129997,30.30057,37.639999,24.610001,27.5,41.810001,36.23,39.43
39.400002,64.650002,30.641754,37.98,25.01,27.4,42.09,36.700001,39.5
39.810001,65.209999,30.666124,38.189999,25.190001,27.200001,42.200001,36.25,39.299999
40.279999,67.830002,30.722988,38.25,25.309999,27.690001,42.830002,36.59,39.720001
40.32,67.699997,30.536148,38.5,25.190001,27.5,41.099998,36.619999,39.669998
41.470001,68.919998,30.88546,39.279999,25.65,27.9,41.610001,36.77,40.330002
40.400002,67.919998,30.23558,38.650002,25.34,27.459999,39.279999,35.849998,39.419998
41.099998,70.980003,30.422421,39.419998,25.780001,27.49,40.439999,36.07,39.830002
40.889999,69.75,29.67506,39.150002,25.530001,27.049999,38.709999,34.970001,39.389999
40.5,68.989998,29.390739,39.040001,25.6,27.049999,39.580002,35.310001,39.330002
41.599998,71.540001,29.796913,39.799999,26.15,27.4,39.860001,35.639999,40.169998
42.900002,73.949997,29.796913,40.720001,26.65,27.700001,40.75,35.919998,40.049999
42.799999,74,28.797726,40.900002,26.799999,27.4,40.700001,35.23,39.459999
38.919998,68.5,27.091795,39.110001,25.639999,26.440001,37.549999,33.580002,37.040001
38.419998,66.120003,26.043867,39.150002,25.35,26.65,37.950001,33.68,36.369999
38.68,67.720001,27.091795,38.529999,25.24,27.1,39.009998,33.900002,36.360001
36.900002,67.5,28.025995,38,24.83,26.65,38.630001,33.73,35.549999
39.400002,69.25,28.058489,39.200001,25.76,27.120001,39.610001,34.580002,37.049999
39.150002,69.830002,27.416735,39.419998,26.040001,26.9,38.599998,34.400002,37.23
38.619999,70.260002,26.815598,38.709999,25.75,26.75,39.009998,34.369999,35.900002
39.5,72.5,27.603575,39.540001,25.870001,27.379999,39.700001,34.790001,36.869999
41.57,75.699997,28.107229,40.630001,26.719999,27.66,40.32,35.450001,37.099998
42.110001,74.800003,27.879772,41.080002,26.969999,27.98,39.799999,35.349998,36.830002
42.950001,75.110001,29.155157,41.580002,27.4,28,40.900002,36.25,38.150002
43.349998,77.169998,28.870836,41.32,27.709999,28.23,41.290001,36.25,37.82
41.720001,74.400002,26.482534,39.900002,27.15,27.73,39.740002,35.200001,35.98
43.279999,76.949997,27.376118,40.299999,27.940001,28.34,41.540001,35.68,36.549999
42.720001,75.849998,25.86515,40.220001,28.15,28.030001,41.919998,35.41,35.700001
41.529999,74.449997,24.484159,38.919998,25.969999,27.879999,41.93,34.91,33.91
40.169998,72.660004,24.784727,38.810001,26.32,28.57,41.68,35.540001,34.009998
39.52,74.050003,23.777416,38.169998,25.780001,28.540001,41.919998,35.18,33.549999
41.650002,73.470001,25.182777,39.400002,26.26,29.190001,42.73,36.470001,34.650002
43.02,76.18,25.345247,40.299999,26.9,29.459999,44.18,36.75,34.900002
41.959999,76.449997,23.842405,39.459999,26.76,29.02,43.18,35.700001,33.25
42.110001,79.300003,23.793665,39.549999,27.02,29.34,43,35.869999,32.939999
41.950001,80.370003,23.509342,39.34,26.860001,29.030001,42.919998,35.439999,32.82
40.779999,77.5,22.242081,37.75,25.139999,28.120001,42.349998,34.790001,30.84
39.98,75.599998,22.339561,36.439999,24.280001,28.27,43.43,36.470001,30.26
37.349998,68.900002,20.714867,34.68,23.1,27.15,40.029999,34.669998,29.52
38.439999,68.699997,22.079611,35.799999,22.84,26.700001,38.18,32.990002,30.860001
40.919998,71.349998,24.110479,37.849998,23.65,27.469999,40.240002,33.860001,32.869999
39.830002,69.849998,22.030869,36.169998,22.299999,26.799999,39,33.110001,31.57
40.25,72.849998,21.795288,36.77,22.719999,27.35,39.849998,33.330002,32.23
41.32,74.900002,22.095858,37.150002,22.49,27.6,39.419998,33.369999,32.220001
40.869999,76.050003,20.982941,36.25,22.15,27.129999,37.610001,32.799999,31.32
39.59,73.760002,19.756296,35.610001,22.02,27.07,37.700001,31.74,30.16
40.77,74.760002,19.496344,36.080002,21.950001,26.959999,37.900002,30.68,30.040001
38.299999,70.809998,21.380991,36.630001,22.389999,27.620001,37.450001,31.09,31.25
40.220001,73.400002,20.02437,36.84,22.43,27.879999,37.630001,31.33,30.530001
42.91,77.309998,21.413485,38.400002,23.24,28.370001,39.169998,31.6,32.049999
42.18,77.5,20.414297,36.43,22.59,27.790001,39.27,31.530001,30.91
44.240002,83.589996,21.502844,38.32,23.82,27.959999,40.68,31.629999,32.07
43.900002,82.879997,21.892771,38.369999,24,27.93,40.34,31.809999,32.360001
42.439999,81.470001,22.510155,38.900002,24.790001,28.110001,41.02,32.049999,33.189999
43.450001,84.769997,21.112917,38.240002,24.5,27.84,40.040001,31.469999,32.200001
45.91,88.949997,21.437855,39.279999,25.370001,28.49,40.779999,31.700001,33.439999
43.869999,86.260002,20.02437,37.790001,24.48,28.08,40.91,31.35,31.700001
44.509998,86,20.113729,38.84,25.35,28.49,41.310001,32.080002,32.310001
44.169998,86.019997,18.95207,37.009998,24.719999,27.950001,40.540001,31.42,31.26
44.540001,86.599998,18.992689,37.02,24.459999,28.120001,41.290001,30.860001,31.719999
43.419998,85.75,18.017872,35.900002,23.75,27.08,40.669998,30,29.98
41.900002,87.25,16.709991,33.700001,22.940001,26.559999,39.73,30.25,28.610001
39.450001,84.900002,16.198214,33.41,22.35,26.67,40.380001,30.5,28.049999
39.419998,81.800003,15.174655,33.09,22.219999,26.93,40.459999,30.82,26.790001
39.599998,76.900002,16.791227,34.299999,22.799999,26.83,38.529999,31.700001,28.709999
39.02,73.809998,16.953695,34.470001,22.360001,27.110001,37.610001,31.870001,28.43
39.650002,74.389999,17.571079,34.25,22.1,27.35,36.990002,31.709999,28.25
38.470001,70.980003,17.822908,35.709999,23.35,28.41,37.169998,33.32,30.379999
39.349998,70.800003,17.351748,35.650002,23.73,28.98,36.950001,33.610001,31.219999
39.75,74.620003,16.848091,35.290001,23.299999,28.68,37.849998,33.310001,30.690001
39.75,74.650002,17.400488,35.220001,22.75,28.139999,37.66,32.610001,30.5
37.220001,68.419998,17.660439,33.759998,21.52,28.32,35.389999,31.85,30.280001
38.080002,68.93,17.181154,34.110001,21.75,29.15,36.48,32.400002,31.200001
38.279999,71.25,18.180342,33.110001,20.85,27.700001,35,31.549999,30.200001
35.240002,67.699997,17.376118,31.57,20.799999,27.700001,34.529999,30.84,29.25
30.190001,58.009998,15.25589,27.82,18.629999,27.23,32.119999,29.65,25.950001
25.68,43.400002,12.26645,23.540001,15.9,23.6,25.76,24.139999,22.129999
25.75,45.939999,12.469537,23.559999,16.540001,24.309999,27.41,26.1,22.24
22.9,43.650002,11.007311,22.09,15.06,22.799999,27.469999,25.700001,19.42
25.92,51.400002,12.61576,25.18,16.65,24.120001,28.91,26.6,22.98
24.870001,49.849998,11.551584,23.83,15.84,24.26,29.059999,26.43,21.120001
22.719999,47.77,10.341186,22.4,14.81,23.48,28.799999,25.540001,19.18
20.1,44.419998,7.863526,20.59,13.89,22.99,28.83,23.59,17.450001
23.15,50.279999,10.284322,23.110001,15.25,24.07,30.120001,24.92,20.49
21.93,44.16,10.406174,22.66,15.03,23.700001,28.469999,25.190001,21.09
23.1,48.279999,9.853777,22.27,15.35,23.139999,28.9,25.120001,20.940001
22.780001,46,9.935012,22.58,15.27,23.23,28.58,26.09,21.23
22.16,45.16,9.569456,22.469999,14.93,23.32,28.08,25.85,20.82
23.57,50.150002,10.284322,24.280001,15.99,24.209999,29.709999,27.09,22.65
23.34,48.639999,9.390739,23.23,15.55,23,29.08,26.15,21.469999
22.540001,46.540001,7.863526,21.82,14.94,22.950001,28.9,26.059999,20.610001
22.01,47.060001,7.303006,20.629999,14.89,22.549999,28.77,26.08,19.68
21.059999,46.919998,7.506093,20.610001,14.68,22.15,28.98,26.23,19.280001
22.65,49.470001,7.952884,21.139999,15.97,22.52,29.889999,27.41,20.129999
21.59,46.990002,7.189277,20.34,15.39,21.559999,28.370001,26.65,18.99
20.48,42.380001,6.043867,18.620001,14.54,21.299999,26.24,25.860001,17.84
19.370001,41.130001,6.173842,17.1,14.12,20.360001,25.35,22.98,17.530001
18.4,38.790001,5.020309,15.5,13.65,19.709999,23.18,22.290001,16.32
20.35,41.5,6.653128,17.25,14.7,20.559999,23.620001,24.129999,18.219999
21.15,43,6.61251,17.389999,15.04,20.57,25.35,23.549999,18.549999
22.9,44.470001,7.424858,19.280001,15.82,21.610001,25.799999,24.26,20.1
23.809999,46.02,7.871649,19.870001,16.709999,21.82,26.15,23.9,21.389999
23.84,45.599998,8.635256,20.48,16.73,21.67,26.07,24.129999,21.91
24.450001,45.779999,9.025183,21.110001,16.959999,22.09,25.780001,24.74,22.52
25.1,46.07,8.887084,21.66,17.1,21.5,25.360001,23.76,22.790001
25.73,47.259998,8.651503,22,17.48,22.09,26.530001,24.139999,23.18
26.799999,51.84,10.576767,23.51,17.09,22.76,27.25,25.59,23.99
25.83,48,9.366369,21.799999,16.799999,22.370001,25.940001,25.33,22.129999
26.299999,48.610001,9.471974,21.690001,16.940001,22.93,25.83,25.290001,22.58
27.17,51.68,9.935012,22.49,17.65,23.120001,26.77,25.83,23.120001
27.540001,52.110001,10.008123,23.73,18.34,23.620001,27.120001,25.790001,24.01
28.02,53.509998,10.146223,23.59,18.379999,23.52,28.18,25.629999,23.860001
26.07,49.209999,9.780666,22.200001,18.120001,22.889999,27.469999,26.08,23.129999
25.82,47.889999,9.683184,21.969999,18.16,23.030001,27.74,26.370001,22.959999
25.15,46.16,9.317628,21.360001,17.83,22.889999,27.440001,25.75,22.290001
24.309999,44.669998,9.017059,20.719999,17.530001,22.889999,26.91,25.639999,22.1
26.610001,48.450001,9.861901,22.379999,19,23.93,28.02,26.530001,23.77
28.75,51.189999,10.089358,23.41,19.65,24.530001,29.559999,27.9,24.99
29.120001,50.619999,10.568643,23.879999,19.700001,24.52,28.940001,27.870001,25.27
30.209999,50.830002,11.657189,25.120001,19.790001,24.280001,28.92,27.629999,26.5
29.790001,50.709999,11.567831,24.73,19.709999,24.4,29.040001,27.93,25.879999
30.309999,52.349998,11.819659,25.299999,20.09,24.74,29.719999,28.68,26.32
30.209999,52.18,11.982128,25.32,20.280001,24.77,29.48,28.67,26.610001
30.030001,50.959999,11.551584,25.309999,20.09,24.84,28.92,28.49,26.299999
30.790001,53.599998,11.803412,26.35,20.690001,25.33,28.940001,28.92,27.08
32.009998,55.18,12.298944,27.01,20.889999,25.4,29.68,28.76,27.799999
30.540001,53.560001,11.852153,26.129999,20.58,25.24,29.200001,28.530001,26.98
29.610001,51.970001,11.608448,25.35,20.25,25.309999,28.52,28.15,26.530001
31.5,56.16,12.380179,26.549999,21.02,25.92,29.25,28.879999,27.799999
32.040001,58.990002,12.363932,27.059999,21.120001,26.370001,29.690001,29.24,28.33
31.549999,58.299999,12.26645,26.68,21.33,26.07,29.43,28.709999,28.25
29.34,55.25,11.413485,25.290001,20.610001,25.83,28.389999,28.07,26.82
30.690001,57.080002,11.624695,26.879999,21.25,26.200001,28.92,29.16,28.1
32.009998,57.27,11.909017,27.5,21.9,26.719999,29.360001,29.780001,29.02
32.439999,56.599998,11.860276,27.459999,21.690001,26.889999,29.25,30.389999,28.690001
32.349998,57.02,11.600325,27.42,21.709999,26.879999,29.51,30.790001,28.620001
32.549999,55.900002,11.884647,28.17,22.219999,27.049999,30.639999,30.98,29.15
32.439999,55.529999,11.689683,28.17,22.24,27,31.82,31.280001,29.76
31.99,56.150002,11.551584,27.85,22.33,26.24,31.35,31.129999,29.610001
33.41,57.810001,11.803412,28.25,23.01,26.68,31.48,31.459999,30.18
32.990002,57.009998,11.697807,27.790001,22.93,26.469999,31.02,31.07,29.77
34.919998,60.299999,12.363932,29.25,23.040001,26.57,30.719999,31.780001,30.389999
33.799999,59.259998,12.136474,29.07,22.66,26.77,30.91,32.220001,29.98
31.629999,56.299999,11.51909,27.84,21.66,26.290001,29.82,31.66,29.02
30.139999,54.5,11.51909,27.379999,20.959999,26.200001,29.530001,31.280001,28.91
30.48,54.240002,11.324127,27.200001,21.07,25.98,28.92,30.83,28.77
30.969999,55.59,11.33225,27.57,21.360001,26.440001,28.809999,30.870001,29.25
32.290001,57.360001,11.746548,28.860001,21.82,27.120001,29.76,31.530001,30.219999
31.5,56.139999,11.925264,28.84,21.690001,27.030001,29.139999,31.4,30.52
33.169998,58.150002,12.363932,29.9,22.309999,27.59,29.959999,32.02,31.790001
33.290001,58.5,12.623883,30.370001,22.75,27.48,29.84,31.84,32.209999
33.279999,57.279999,12.745735,30.809999,22.790001,27.77,29.959999,32.25,32.400002
33.68,56.080002,12.997563,31.09,23,27.91,29.450001,31.9,33.060001
34.509998,58.540001,13.062551,31.440001,23.059999,28.110001,30.07,32.310001,33.07
34.91,59.830002,13.436231,31.780001,23.48,28.040001,30.24,32.080002,33.970001
34.330002,59.299999,13.290008,32.09,23.73,27.91,29.83,31.629999,34.369999
35.009998,62.09,13.631194,33.119999,24.08,28.030001,30.610001,31.35,35.669998
33.990002,59.91,13.127539,32.57,23.389999,27.629999,30.440001,30.879999,34.82
31.129999,54.990002,12.258327,30.030001,21.75,26.74,29.1,29.719999,32.18
31.59,56.240002,12.469537,31.190001,22.41,27.27,29.93,29.969999,33.009998
30.370001,53.07,11.982128,29.42,21.469999,26.620001,28.620001,28.799999,31.73
30.75,53.049999,11.925264,29.6,21.639999,26.35,28.76,28.870001,32.369999
29.110001,51.549999,11.49472,28.43,21.42,26.07,28.120001,28.48,31.52
30.67,54.32,11.787165,29.17,21.74,26.469999,29.219999,29.16,32.25
30.950001,55.610001,12.047116,30,22.33,26.66,30.08,29.549999,32.470001
30.1,52.490002,11.89277,28.92,21.48,25.879999,28.84,29.01,30.809999
28.049999,49.380001,10.982941,27.01,20.290001,25.450001,28.16,28.030001,29.040001
30.389999,52.619999,11.787165,28.639999,21.389999,26.48,29.799999,29.030001,30.41
29.83,51.73,11.478473,28.07,21.370001,26.52,29.690001,28.68,30.02
32.009998,53.779999,11.827782,30.07,22.190001,27.15,30.48,28.43,31.549999
32.009998,53.84,11.949634,30.290001,21.92,26.98,30.370001,28.57,31.440001
32.490002,55.639999,12.006499,30.85,22.280001,27.09,30.99,29.709999,32.029999
31.299999,53.349998,11.429732,29.4,21.27,26.799999,30.700001,29.1,30.75
31.49,52.189999,11.234768,29.17,21.35,26.73,30.469999,28.67,30.9
31.379999,52.099998,11.153534,28.74,21.040001,26.690001,31.139999,28.57,30.690001
32.73,54.200001,11.795288,30.129999,21.73,27.290001,31.620001,29.17,32.279999
32.82,54.52,11.803412,30.4,21.74,27.52,31.440001,29.77,32.290001
32.73,53.889999,11.8684,30.700001,22.530001,27.549999,30.85,29.940001,32.75
33.360001,55.27,11.8684,31.440001,23.120001,28.040001,31.459999,30.66,33.700001
33.209999,56.810001,11.779041,31.309999,23.030001,27.93,31.549999,30.49,33.450001
34.240002,58.360001,11.941511,32.200001,23.309999,28.190001,31.85,30.77,34.360001
34.59,59.209999,11.657189,32.23,24.09,28.610001,31.9,31.15,34.709999
34.290001,59.299999,11.860276,32.48,24.110001,28.809999,31.870001,31.23,34.959999
34.799999,59.240002,11.827782,32.18,24.35,28.77,31.719999,31.17,35.259998
36.32,62.310001,12.656377,33.43,25.1,29.110001,32.049999,31.450001,36.509998
35.509998,62.939999,12.136474,32.41,24.34,28.709999,31.34,30.93,36.009998
35.389999,63.59,12.071487,32.759998,24.309999,28.809999,31.129999,31,36.240002
34.869999,62.509998,11.714054,32.700001,24.25,28.5,30.860001,30.58,36.310001
37.009998,65.82,12.331438,34.040001,24.809999,28.809999,31.280001,31.09,37.419998
37.25,65.900002,12.8026,34.400002,25.190001,29.139999,31.120001,31.290001,37.560001
37.560001,65.889999,12.61576,34.540001,25.08,29.360001,31.15,31.67,37.360001
38.139999,67.410004,12.891958,34.82,25.209999,29.4,31.360001,31.65,37.630001
38.41,68.25,12.956946,34.869999,25.190001,29.309999,31.34,31.5,37.41
38.310001,68.279999,13.176279,35.259998,25.75,29.030001,31.58,32.07,37.700001
38.799999,70.650002,13.582453,35.91,26.17,29.33,31.74,32.18,37.919998
37.48,70.099998,13.371243,35.900002,25.719999,29.49,31.950001,32.189999,37.82
37.810001,71.110001,13.20065,35.830002,25.83,28.98,31.65,31.610001,37.099998
39.580002,74.129997,13.493095,36.779999,26.690001,29.299999,31.799999,32.330002,38.209999
39.849998,74.110001,13.874898,37.849998,26.9,29.58,32,32.380001,39.580002
40.25,77.019997,13.956133,38.040001,27,29.799999,31.91,32.810001,40.009998
39.040001,77.940002,13.623071,36.830002,26.450001,29.549999,31.76,32.310001,39.110001
39.049999,78.339996,13.419984,36.84,26.42,29.58,32.009998,33.130001,39.209999
37.91,75.110001,13.436231,36.669998,25.799999,29.73,32.52,32.700001,39.009998
37.73,75.389999,13.216897,35.970001,24.9,29.049999,30.879999,31.969999,37.580002
39.23,78.690002,13.273761,37.099998,25.879999,29.690001,31.389999,32.669998,38.82
40.169998,79.989998,13.428107,37.98,26.01,30.07,32.119999,33.279999,39.299999
40.200001,79.720001,13.371243,37.419998,25.93,30.25,31.98,33.32,39.060001
39.360001,77.190002,13.111292,37.130001,25.74,30.84,32.099998,33.919998,39.25
40.450001,78.980003,13.078798,37.630001,26.35,30.9,32.240002,34.25,39.91
40.869999,80.480003,13.306255,38.700001,26.74,31.52,33.16,35.240002,40.549999
39.349998,74.800003,13.086921,38.07,26.48,31.440001,33.290001,35.5,40.290001
38.650002,73.790001,12.810723,37.68,26.459999,32.110001,33.91,36.080002,40.560001
38.509998,74.629997,12.770106,37.369999,26.17,32.32,34.130001,36.040001,40.27
39.349998,76.339996,12.737612,37.290001,26.1,32.040001,33.619999,35.689999,40.16
38.080002,75.260002,12.363932,36.099998,25.540001,31.309999,33.189999,35.189999,38.919998
37.59,73.330002,12.047116,35.209999,24.77,30.91,32.970001,34.810001,37.860001
36.639999,71.68,12.095857,35.450001,24.450001,31.139999,32.990002,34.77,37.950001
37.470001,70.93,11.990252,35.630001,24.540001,30.610001,32.799999,34.68,38.5
39.73,76.059998,12.696994,37.91,26.120001,31.469999,33.880001,35.959999,41.02
40.23,76.889999,12.558895,37.82,26.469999,31.74,33.759998,35.779999,41.369999
39.57,76.860001,12.063363,36.540001,25.92,31.360001,33.360001,35.189999,40.290001
39.950001,79.730003,12.445167,36.830002,26.719999,31.74,33.82,35.59,41.09
38.009998,76.449997,12.022746,34.68,25.809999,30.83,33.169998,34.119999,39.650002
34.32,68.07,10.909829,31.76,24.33,29.91,31.889999,31.809999,36.34
34.439999,66.959999,10.381803,31.4,24.120001,29.540001,31.700001,31.639999,36.07
32,63.240002,9.853777,29.129999,22.52,29.549999,32.389999,31.030001,34.049999
33.93,65.809998,10.37368,30.93,23.799999,30.17,33,32.240002,36.119999
33.970001,66.220001,10.18684,30.85,23.620001,30.34,33.290001,32.450001,36.060001
33.169998,64.889999,9.935012,30.18,23.49,30,32.799999,31.969999,35.419998
34.52,67.089996,10.487409,31.969999,24.98,30.84,33.98,33.02,37.77
30.24,58.700001,9.488221,29.309999,24,29.5,33.41,31.48,35.73
29.360001,58.509998,9.593826,29.219999,23.6,29.66,33.619999,31.73,34.860001
31.120001,60.900002,9.610073,30.34,24.299999,30.07,33.400002,31.9,36.349998
33.48,66.599998,10.235581,32.189999,26,30.870001,33.98,32.880001,38.669998
33.369999,68.550003,10.666125,32.669998,25.530001,31.469999,34.880001,33.110001,39.32
35.990002,73.040001,11.413485,34.259998,26.48,31.51,35.009998,34.209999,39.630001
34.98,71.260002,10.796101,33.599998,26.049999,30.99,34.98,33.189999,38.919998
35.169998,72.260002,10.755483,33.93,26.16,31.48,35.360001,34.07,39.470001
33.259998,68.150002,10.154346,32.919998,25.209999,31.059999,34.639999,32.849998,37.880001
31.41,63.830002,9.569456,31.16,24.01,30.370001,33.43,31.709999,36.330002
34,70.419998,10.487409,33.709999,25.74,31.74,34.75,33.509998,39.07
34.099998,70.190002,10.641755,33.970001,26.040001,32.009998,35,33.82,39.349998
32.529999,66.139999,10.18684,32.669998,24.98,31.49,34.540001,33.41,37.900002
33.91,69.599998,10.682372,34.09,25.559999,32.57,35.799999,34.799999,39.18
33.5,69.129997,10.56052,33.75,25.450001,32.490002,35.98,34.689999,39.02
34.77,70.440002,10.885459,34.59,25.969999,32.16,35.02,35.130001,40.049999
36.099998,69.440002,11.226645,35.490002,26.08,32.139999,34.889999,35.43,40.380001
36.580002,71.379997,11.486596,36.16,26.799999,32.400002,34.610001,35.849998,41.16
37.18,71.480003,11.478473,36.459999,26.9,32.220001,34.73,35.82,41.450001
37.880001,72.769997,11.974005,37.259998,27.719999,32.48,34.830002,36.220001,42.259998
37.049999,73.040001,11.835906,36.970001,28.030001,32.610001,34.799999,35.810001,42.310001
37.369999,74.870003,12.014622,37.279999,28.52,33.060001,35.049999,36.240002,42.959999
37.549999,76.230003,11.917141,37.48,28.82,33.060001,35.080002,36.189999,42.860001
37.290001,74.739998,12.07961,37.139999,29.08,33.209999,34.959999,36.310001,43.52
36.639999,74.190002,12.095857,37.02,29.18,33.470001,35.169998,36.470001,43.98
37.099998,74.800003,12.770106,37.98,29.879999,33.599998,34.779999,36.849998,44.349998
36.91,72.260002,12.778229,37.16,29.99,33.759998,34.599998,36.619999,44.650002
36.970001,71.75,12.835093,37.419998,30.16,34.080002,35.040001,37.610001,45.09
36.48,70.5,12.623883,36.970001,30.17,34.049999,34.889999,37.509998,45.009998
36.130001,68.699997,12.29082,36.330002,29.610001,33.630001,34.330002,36.580002,44.549999
36.48,68.959999,12.339561,36.77,29.280001,34.310001,35.02,37.290001,44.639999
36.93,70.800003,12.607636,37.360001,30.030001,34.27,35.610001,37.529999,45.869999
35.68,68.300003,12.26645,36.299999,29.07,34.080002,35.57,36.950001,44.91
35.009998,67.339996,12.030869,35.669998,28.690001,34.029999,35.93,37.009998,44.240002
32.77,63.939999,11.186028,34.119999,27.469999,33.52,35.419998,36.07,42.009998
33.990002,65.129997,11.389115,34.919998,27.870001,33.889999,35.779999,36.419998,43.279999
33.099998,62.040001,10.95857,33.709999,27.200001,33.16,35.709999,35.509998,41.740002
34.580002,64.5,11.486596,34.799999,28.33,34.09,36.82,36.59,43.41
34.529999,65.620003,11.649066,34.959999,28.370001,34.330002,36.93,37.060001,43.419998
34.200001,63.439999,11.649066,34.75,28.48,33.91,36.259998,37.419998,43.310001
35.290001,66.370003,11.89277,35.669998,28.73,34.77,36.990002,38.009998,43.779999
35.150002,66.290001,11.754671,35.209999,28.690001,34.959999,36.830002,37.630001,43.77
34.740002,66.769997,11.949634,34.869999,28.27,35.330002,37.34,38.130001,43.619999
35.419998,68.790001,11.68156,35.16,28.76,35.040001,37.669998,38.25,43.75
35.110001,70.220001,11.990252,36.009998,29.129999,35.610001,38.09,38.830002,44.279999
35.119999,70.440002,12.038993,36.16,29.540001,35.75,37.860001,38.490002,44.330002
36.060001,72.370003,12.136474,36.68,30.129999,35.630001,37.540001,38.689999,44.619999
36.240002,72.57,12.29082,37.18,30.75,35.900002,37.09,38.48,45.43
35.84,71.980003,12.29082,36.709999,30.57,35.599998,36.619999,38.740002,45.369999
35.650002,71.529999,12.315191,36.360001,30.49,35.459999,36.349998,38.84,45.549999
36.950001,73.449997,12.737612,37,31.09,35.759998,36.619999,39.529999,46.779999
38.349998,76.57,13.22502,37.759998,31.58,35.779999,36.540001,39.669998,47.709999
37.450001,74.68,12.859464,36.970001,31.51,35.959999,36.029999,40.189999,47.529999
36.799999,73.43,12.6645,36.529999,30.83,35.830002,36.389999,40.119999,46.790001
37.200001,73.580002,13.046304,37.16,30.889999,36.509998,36.740002,41.169998,47.610001
36.369999,72.559998,12.843217,36.450001,29.92,35.849998,36.5,40.310001,46.25
37.09,73.830002,13.086921,36.790001,29.290001,35.709999,37.110001,40.599998,46.580002
36.110001,71.959999,12.835093,36.32,28.99,35.349998,36.580002,40.32,45.919998
36.07,71.059998,12.997563,36.830002,28.959999,35.200001,36.259998,40.139999,46.57
35.560001,69.550003,12.591389,36.27,28.24,34.599998,34.669998,39.169998,45.419998
34.860001,68.919998,12.412673,35.52,27.66,34.41,34.360001,38.93,45.18
36.400002,71.610001,12.867587,36.740002,28.85,35.669998,34.09,40.02,47.16
36.700001,71.059998,12.8026,37.130001,29.129999,36.040001,35.32,40.240002,47.529999
36.049999,71.559998,13.021933,37.490002,28.77,36.18,35.459999,40.48,47.419998
36.650002,71.220001,12.997563,37.619999,28.690001,35.959999,35.209999,40.509998,46.849998
37,72.07,13.322502,37.93,28.950001,35.169998,35.310001,40.209999,47.279999
36.82,69.830002,13.143786,37.220001,28.360001,34.450001,34.450001,39.459999,46.509998
38.669998,73.790001,13.850528,39.119999,29.5,35.810001,35.740002,40.900002,48.73
39.009998,73.610001,13.899269,39.09,29.59,35.919998,35.400002,41.77,48.869999
39.34,75.489998,13.931763,39.93,29.389999,36.48,35.68,42.18,49.82
39.759998,76.889999,14.191714,40.470001,29.299999,36.759998,36.23,42.849998,50.900002
39.5,78.07,14.305443,40.470001,29.73,37.169998,36.68,43.25,50.419998
39.380001,78.580002,14.297319,40.610001,29.93,37.48,36.689999,43.389999,50.720001
39.349998,78.449997,14.427295,41.060001,29.780001,37.610001,36.720001,43.41,50.939999
38.23,77.970001,14.411048,40.84,29.690001,38.259998,37.18,43.389999,50.209999
38.509998,77.790001,14.329813,40.900002,29.68,38.220001,37.5,43.779999,51.049999
39.59,78.989998,14.817222,41.82,30.290001,38.619999,37.970001,44.540001,52.619999
39.849998,79.599998,14.987815,41.970001,30.200001,38.490002,38.130001,44.73,52.59
39.07,78.75,14.768481,41.619999,30.17,39.299999,38.169998,44.93,52.619999
39.18,79.309998,14.792851,41.759998,30.27,39.77,39.099998,45.950001,53
38.310001,77.300003,14.646629,40.970001,29.73,39.66,39.57,46.41,52.59
38.740002,78,15.004062,41.759998,30.370001,40.709999,40.330002,47.93,54.41
37.759998,74.559998,14.687246,40.380001,29.35,41.009998,40.73,47.599998,53.240002
38.900002,77.18,15.085297,41.23,30.040001,40.889999,40.98,47.540001,54.27
39.82,79.470001,15.312754,42.130001,31.209999,41.23,40.889999,47.669998,55.540001
40.57,80.269997,15.637693,43.189999,31.59,41.16,39.830002,48.18,56.77
41.259998,82.120003,16.206335,44.169998,32.200001,41.939999,40.32,49.099998,57.549999
40.57,81.709999,16.02762,43.709999,31.690001,41.700001,38.830002,49.119999,56.799999
40.299999,80.5,16.116978,43.529999,31.66,40.049999,37.68,48.110001,56.119999
40.18,81.309998,16.222584,43.790001,31.73,40.68,37.970001,48.5,56.84
40.049999,79.910004,15.881397,43.299999,31.379999,40.700001,38,48.540001,56.349998
38.790001,78.169998,15.532088,42.299999,30.51,39.43,36.540001,47.290001,55.040001
38.349998,78.300003,15.800162,42.639999,30.59,39.669998,37.630001,47.610001,56.400002
38.720001,79.959999,16.100731,43.299999,31.18,40.029999,36.900002,48.220001,57.77
40.029999,81.910004,16.531275,44.450001,31.93,41.43,38.639999,49.880001,59.720001
40.48,83.720001,16.839968,45.41,31.450001,41.799999,39.389999,50.57,59.57
40.490002,83,16.766855,44.93,31.73,41.529999,39.349998,51.139999,59.52
41.009998,83.389999,16.904955,46.02,32.209999,41.75,39.540001,51.360001,60.720001
41.380001,82.589996,16.58814,45.490002,31.969999,41.57,39.139999,50.91,60.080002
40.759998,81.230003,16.263201,44.98,31.82,40.290001,37.540001,49.41,58.09
41.169998,81.760002,16.295694,45.130001,32.07,40.209999,37.66,49.790001,58.52
40.43,81.57,15.792039,44.040001,31.4,39.509998,37.299999,49.220001,57.68
41.07,82.879997,16.084484,44.860001,31.77,39.77,36.98,50.200001,58.650002
42.16,83.949997,16.409424,46.209999,32.259998,40.720001,37.209999,51.209999,60.209999
42.619999,84.040001,16.596264,46.959999,32.41,40.98,37.529999,51.540001,60.959999
42.16,83.550003,16.287571,46.68,32.240002,40.23,37.41,50.700001,60.860001
42.549999,83.739998,16.287571,46.27,32.18,39.810001,37.150002,51.220001,60.98
42.549999,84.290001,16.498781,46.799999,32.450001,40.57,38.119999,51.23,60.790001
43.560001,86.940002,16.986191,47.689999,33.240002,41.490002,38.43,52.549999,62.040001
44.240002,86.599998,16.945574,48.759998,33.5,42.02,39.200001,52.740002,63.310001
43.669998,86.080002,16.750608,48.970001,33.66,42.509998,39.060001,53.119999,63.560001
44.189999,86.550003,16.945574,49.380001,33.900002,42.669998,38.950001,53.16,63.290001
44.93,87.660004,17.164907,50.009998,34.299999,43.330002,39.369999,54.32,64.949997
44.740002,88.230003,17.457352,50.349998,34.16,43.16,38.66,55.25,64.849998
44.34,86.440002,17.449228,50.400002,34.689999,43.009998,38.029999,55.259998,65.599998
44.27,86.410004,17.376118,50.34,34.82,43.080002,38.439999,55.220001,65.129997
43.990002,85.129997,17.164907,49.77,34.200001,42.27,37.509998,53.810001,64.480003
44.93,86.669998,17.554832,51.259998,34.959999,42.549999,37.830002,54.91,65.660004
46.029999,88.290001,17.701056,52,35.580002,42.84,37.810001,55.380001,66.269997
45.740002,86.93,17.782291,51.669998,35.220001,42.369999,37.27,55.259998,66.339996
45.639999,86.900002,17.896019,51.93,35.32,42.400002,38.220001,56.740002,66.339996
45.93,86.010002,17.814785,51.82,35.75,42.07,38.060001,57.02,65.089996
43.869999,84.330002,17.148661,49.810001,35.130001,41.48,37.98,55.66,63.5
44.040001,83.379997,17.108042,50.029999,34.82,40.759998,39.099998,55.959999,62.82
44.700001,84.040001,17.294882,50.470001,35.099998,40.93,38.880001,56.349998,64.089996
46.119999,86.029999,17.579205,51.369999,36.07,41.84,40.279999,58.209999,65.169998
46.189999,86.410004,17.449228,51.389999,35.950001,41.599998,40.549999,58.810001,65.199997
47.080002,87.650002,17.627945,52.060001,36.349998,42.349998,40.450001,59.439999,66.839996
47.790001,88.019997,18.172218,53,36.419998,42.66,39.990002,59.450001,67.389999
46.900002,86.379997,17.709181,51.349998,35.630001,42.580002,40.889999,58.439999,65.849998
47.369999,87.059998,18.196589,51.650002,36.310001,42.5,40.509998,58.18,65.68
46.77,89.059998,17.961006,51.73,36.07,42.75,41.009998,57.709999,64.279999
47.34,90.160004,18.009748,52.540001,35.919998,42.950001,41.459999,58.009998,64.650002
46.029999,88.449997,17.286758,50.900002,35.200001,42.75,41.689999,55.709999,62.240002
47.52,92.790001,17.757919,52.75,36.029999,43.630001,42.299999,56.889999,63.77
47.16,93.230003,17.749798,52.509998,35.75,43.790001,43.110001,57.389999,63.439999
47.549999,93.720001,17.863525,52.82,36.389999,44.200001,42.5,57.75,64.25
47.75,93.669998,17.814785,53.009998,36.330002,44.509998,42.259998,57.82,63.84
47.900002,93.400002,17.668562,53.09,36.68,44.279999,42.139999,58.150002,63.75
48.580002,94.150002,17.904142,53.549999,37.34,44.279999,41.759998,59.009998,65.080002
49.080002,95.309998,18.107229,54.049999,37.82,45.040001,42.740002,59.790001,65.68
49.720001,96.809998,18.521526,55.310001,38.189999,45.23,43.080002,60.16,66.919998
49.150002,98.419998,18.367182,54.5,38.130001,44.709999,42.549999,59.630001,65.790001
49.639999,100.93,18.545898,55.02,38.09,45.220001,43.470001,60.68,66.080002
49.470001,100.019997,18.489033,54.290001,38.34,44.66,43.91,61.07,66.769997
50.139999,100.389999,18.716492,54.75,38.950001,45.09,42.5,62.32,68.07
49.630001,98.400002,18.432169,54.07,38.919998,45.259998,42.830002,61.619999,67.389999
49.939999,98.989998,18.610886,54.240002,39.450001,45.200001,42.740002,61.41,67.5
50.110001,99.839996,18.594639,53.790001,39.720001,44.790001,42.439999,61.830002,66.82
48.689999,95.849998,18.050365,51.779999,38.790001,43.470001,41.41,60.959999,65.650002
49.200001,96.599998,18.180342,52.169998,38.669998,43.869999,41.439999,60.529999,66.360001
49.73,96.370003,18.342812,52.889999,39.290001,44.52,41.970001,61.959999,67.120003
50.169998,97.010002,18.781479,54.150002,40.110001,44.84,42.450001,62.990002,68.639999
50.529999,98.739998,18.976442,54.02,40.279999,45.130001,43.279999,63.860001,68.82
50.66,97.080002,19.057676,54.330002,40.290001,45.580002,43.619999,64.169998,69.260002
49.75,93.559998,19.000813,53.990002,40.220001,45.049999,42.259998,63.810001,68.349998
50.439999,93.790001,19.212023,54.43,40.34,45.43,42.540001,64.879997,68.489998
50.400002,91.980003,18.919579,53.310001,39.790001,45.099998,41.759998,64.400002,67.410004
48.439999,88.169998,18.911453,52.799999,39.580002,45.439999,42.540001,64.410004,66.949997
46.299999,83.550003,18.342812,50.32,38.049999,45.610001,42.93,62.970001,64.550003
46.619999,82.699997,18.131599,51.48,37.650002,44.630001,43,61.169998,63.939999
48.279999,85.599998,18.765232,53.709999,39.25,45.91,44.529999,65.209999,66.349998
48.400002,87.419998,19.366369,55.209999,40.540001,46.709999,45.470001,67.269997,68.099998
48.639999,87.790001,19.618196,56.110001,40.84,47.740002,46.25,67.029999,68.010002
49.290001,86.209999,19.545086,56.310001,41.610001,47.759998,44.939999,67.25,69.279999
50.669998,88.5,19.666937,57.18,41.669998,48.450001,45.700001,68.32,70.089996
49.16,79.82,19.821283,56.91,42.490002,49.299999,46,69.610001,71.809998
49.77,80.279999,20.16247,57.259998,42.119999,48.849998,45.869999,70.790001,71.529999
46.799999,74.019997,19.610073,54.82,40.619999,47.91,45.91,68.779999,70
48.82,80.57,20.04874,56.59,41.57,48.619999,46.860001,70.410004,70.870003
49.23,80.110001,20.268076,57.400002,42.32,49.459999,48.549999,69.129997,72.230003
48.650002,79.529999,20.089357,56.509998,41.27,48.349998,47.439999,68.629997,71.629997
48.400002,76.360001,19.593826,55.419998,41.25,49.110001,47.380001,70.209999,70.889999
47.849998,75.230003,19.082047,54.73,40.380001,49.27,48.619999,70.370003,69.669998
48.25,76.660004,19.309504,55.990002,41.450001,49.650002,49.139999,70.940002,70.93
47.689999,75.550003,18.69212,54.57,39.900002,48.02,48.32,69.269997,69.989998
49.919998,79.82,19.610073,56.200001,41.099998,49.07,46.560001,69.779999,72.940002
51.439999,82.040001,19.845654,57.169998,42.650002,49.5,45.169998,70.720001,74.889999
51.93,80.540001,19.853777,58.16,43.080002,49.599998,45.689999,72.18,75.440002
51.490002,79.019997,19.780666,57.490002,43.09,50.009998,45.23,72.239998,75.970001
50.459999,76.779999,19.683184,56.459999,42.389999,48.759998,43.389999,71.410004,75.410004
49.84,74.629997,19.756296,56.080002,41.490002,48.279999,43.48,71.809998,75.160004
49.23,76.910004,20.073111,57.119999,42.540001,48.939999,44.98,74.900002,76.769997
48.610001,76.400002,19.43948,55.549999,41.369999,48.709999,43.880001,73.040001,74.910004
48.970001,77.720001,19.666937,55.43,41.369999,49.130001,44.549999,71.989998,75.690002
49.700001,80.139999,19.691307,56.970001,42.080002,49.599998,44.66,74.059998,76.669998
49.619999,81.910004,19.60195,55.799999,41.470001,49.060001,44.099998,73.290001,75.230003
50.259998,81.980003,19.723803,56.32,43.130001,49.189999,45.150002,74.389999,77.629997
51.25,82.870003,19.772543,56.330002,43.099998,48.810001,44.470001,72.68,76.349998
51.57,81.760002,20.113729,56.580002,43.029999,49.169998,44.029999,73.449997,76.599998
51.509998,80.669998,20.064987,57.110001,43.310001,49.75,44.32,74.260002,76.589996
51.119999,80.199997,20.194963,56.900002,43.599998,49.25,44.57,74.980003,76.940002
50.610001,78.389999,19.983753,55.810001,43.369999,48.790001,44.5,74.940002,76.300003
50.009998,77.669998,20.1381,55.860001,42.950001,47.59,42.720001,74.339996,76.519997
50.200001,76.949997,20.341187,55.98,42.669998,48.060001,42.540001,74.440002,76.589996
50.209999,75.910004,20.097483,55.720001,42.540001,48.66,42.790001,75.709999,77.449997
49.389999,76.080002,20.219334,55.07,42.259998,48.43,41.790001,75.989998,77.900002
48.509998,74.529999,20.016247,54.23,41.740002,48.169998,42.23,74.839996,77.199997
47.700001,73.489998,20.016247,54.169998,41.439999,49.18,42.970001,75.279999,77.669998
47.66,72.440002,20.625507,54.919998,43.439999,50.07,43.349998,76.970001,79.150002
45.080002,69.510002,20.406174,52.900002,42.360001,49.68,42.330002,74.849998,78.849998
45.950001,69.379997,20.479284,54.220001,42.580002,50.310001,43.990002,76.589996,80.220001
45.220001,67.029999,20.471163,53.689999,42.119999,50.16,44.389999,75.32,78.279999
45.720001,69.339996,20.51178,54.380001,42.419998,50.16,45.57,75.379997,78.360001
43.189999,63.5,19.203899,51.459999,39.560001,47.709999,45.049999,71.699997,74.360001
43.599998,65.75,19.195776,51.75,40.599998,47.639999,43.150002,71.800003,75.559998
42.049999,63.790001,18.399675,50.360001,39.299999,46.52,40.959999,68.68,73.849998
42.810001,63.369999,18.781479,51.509998,40.459999,47.099998,41.549999,70.629997,75.519997
41.880001,63.099998,18.407799,50.860001,40.060001,47.189999,42.23,70.910004,75.459999
40.200001,62.369999,18.529652,49.810001,39.810001,47.48,42.73,66.879997,74.699997
41.360001,63.849998,18.440292,50.41,40.080002,47.84,43.349998,68.290001,75.879997
44.150002,68.940002,18.87896,53.380001,41.48,49.459999,43.790001,68.440002,77.720001
44.09,69.230003,19.130789,52.549999,41.970001,49.630001,44.779999,69.760002,78.290001
45.02,68.260002,19.610073,54.66,43.830002,50.740002,44.59,69.330002,79.629997
45.279999,68.029999,19.561333,54.27,43.650002,49.880001,43.75,71.339996,80.970001
45.330002,69.800003,20.089357,54.860001,44.34,49.18,42.25,71.75,81.419998
44.400002,65.980003,19.431356,53.52,42.369999,47.830002,42.540001,69.57,77.730003
45.529999,66.900002,20.040617,55.369999,44.200001,49.080002,43.389999,71.519997,81.230003
45.619999,67.769997,19.967506,55.099998,43.91,49.959999,42.75,72.089996,81.470001
45.82,64.699997,20.129976,54.560001,44.57,50.439999,42.470001,71.779999,81.220001
43.939999,60.459999,19.049553,52.610001,42.799999,49.48,41.790001,70.300003,78.059998
42.27,58.790001,18.927702,51.740002,42.169998,49.34,42.509998,70.489998,77.330002
44.110001,61.57,19.504469,53.459999,43.25,50.869999,43.470001,72.449997,78.480003
43.419998,60.32,19.358246,53.009998,42.830002,50.490002,43.279999,72.029999,78.160004
40.060001,56.049999,17.952885,49.720001,40.09,49.02,43.110001,68.019997,73.610001
38.25,54.349998,17.400488,48.650002,39.34,48.299999,43.41,66.870003,71.5
38.509998,55.740002,17.286758,48.639999,40.380001,49.290001,43.799999,67.849998,73.309998
38.77,58.209999,17.644192,49.990002,41.240002,50.759998,45.419998,66.470001,74.110001
40.610001,55.939999,17.018684,50.040001,39.5,49.630001,46.57,64.400002,70.160004
39.939999,55.279999,16.645004,49.669998,39.27,50.07,45.560001,64.370003,69.790001
40.75,56.810001,17.043055,51.32,40.66,50.84,46.200001,65.93,72.739998
42.060001,57.23,17.319254,52.450001,41.259998,51.09,46.169998,67.300003,74.830002
43.459999,60.959999,18.099106,53.779999,42.419998,52.040001,47.110001,67.410004,76.720001
44.400002,62.360001,18.269699,54.040001,42.869999,52.450001,48.150002,68.589996,77.300003
45.419998,63.490002,18.464663,55.630001,43.59,52.650002,48.630001,66.839996,78.089996
44.549999,61.84,18.123478,55.119999,43.619999,52.32,48.91,67.389999,77.550003
45.240002,61.060001,18.440292,55.73,44.700001,53.619999,49.810001,68.550003,79.43
44.52,62.369999,17.912266,54.709999,43.889999,53.41,48.849998,69.349998,77.870003
46.029999,63.540001,18.602762,56.049999,44.34,53.040001,48.889999,70.019997,79.489998
47.209999,67.040001,19.130789,56.41,43.439999,51.959999,47.349998,71.870003,79.459999
47.099998,67.5,18.935825,56.16,42.130001,52.299999,48.419998,69.790001,79.199997
46.16,65.269997,18.789602,55.639999,42.25,53.240002,48.830002,69.18,79.279999
45.950001,64.989998,18.586515,55.049999,42.209999,53.240002,49.389999,69.139999,78.110001
46.279999,66.160004,18.854589,55.029999,42.73,52.16,48.290001,69.690002,77.699997
47.18,67.129997,19.341997,55.93,44.099998,53,48.830002,71.18,79.32
47.66,66.540001,19.098293,55.990002,43.939999,53.560001,50.080002,72.290001,79.110001
47.740002,67.370003,18.813972,56.470001,43.959999,54.130001,50.57,71.779999,78.489998
47.200001,66.889999,18.367182,55.73,43.049999,53.470001,50.549999,70.059998,77.93
46.02,66.779999,17.936638,54.380001,42.279999,53.099998,50.41,69.309998,76.169998
46.360001,68.599998,18.472786,56.189999,43.470001,54.889999,52.48,72.160004,78.870003
46.959999,67.709999,18.619009,57.23,44.130001,55.689999,52.540001,73.690002,80.620003
48.779999,69.230003,19.106419,58.689999,45.009998,55.700001,52,74.080002,80.980003
48.66,68.32,19.236393,58.290001,45.830002,55.5,52.759998,74.989998,81.599998
48.689999,67.379997,19.212023,58.040001,46.450001,54.700001,52.119999,75.199997,81.620003
48.77,67.529999,19.51259,58.310001,47.049999,54.59,50.73,75.25,81.57
48.419998,68.699997,19.382616,58.560001,47.110001,55.09,50.900002,74.779999,82
48.990002,70.410004,19.504469,59.02,47.02,54.919998,50.27,74.360001,81.5
48.73,69.379997,19.585703,58.66,47.049999,54.310001,49.150002,73.07,80.940002
49.25,69.080002,19.959383,58.93,47.349998,54.82,49.630001,72.650002,80.879997
47.439999,69.699997,19.528837,57.119999,46.16,52.689999,48.459999,71.510002,78.43
46.759998,67.449997,19.187653,56.610001,47.209999,52.790001,49.259998,72.110001,78.510002
47.310001,67.639999,19.379999,57.720001,47.490002,53.34,50.939999,73.110001,79.669998
47.75,70.610001,19.299999,58.380001,47.779999,53.209999,48.990002,72.110001,80.040001
46.860001,70.610001,19.620001,57.560001,47.619999,52.330002,47.119999,71.870003,79.739998
46.32,69.800003,19.42,57.23,47.369999,52.369999,47.75,69.620003,78.889999
47.060001,70.190002,19.65,56.990002,47.529999,52.23,48,69.709999,79.589996
46.73,69.370003,19.77,57.099998,47.439999,52.669998,48.459999,67.779999,78.040001
46.400002,67.769997,19.49,56.470001,46.18,51.610001,47.950001,66.480003,76.730003
48.150002,69.459999,21.67,61.049999,46.73,50.540001,46.029999,70.489998,79.720001
48.32,71.129997,22.16,61.299999,47.360001,50.5,46.290001,69.699997,81.199997
49.560001,72.720001,22.41,62.709999,48,51.220001,47.16,69.480003,82.980003
49.98,74.830002,22.65,62.810001,46.689999,50.57,46.799999,68.410004,81.440002
51.5,76.599998,23.75,63.98,48.650002,52.040001,47.959999,68.849998,84.309998
50.419998,76.510002,23.360001,62.580002,48.59,52.049999,48.41,69.580002,82.690002
50.27,76.349998,23.58,62.990002,48.970001,52.060001,48.610001,69.459999,82.449997
49.700001,75.32,23.25,62.220001,48.360001,51.709999,48.57,68.940002,81.400002
50.619999,75.889999,23.540001,63.139999,49.400002,52.119999,48.830002,70.949997,83.32
50.869999,74.379997,23.51,63.220001,49.66,51.52,48.509998,70.919998,83.959999
51.09,74.540001,23.15,63.439999,49.799999,52.580002,48.639999,69.839996,83.93
52.810001,74.230003,23.65,64.489998,50.740002,52.380001,48.389999,69.75,85.059998
52.080002,73.400002,23.719999,63.619999,50.689999,53,48.900002,71.419998,84.489998
52.099998,73.279999,23.780001,64.730003,51.32,53.619999,49.290001,71.860001,85.730003
52.299999,71.970001,24.469999,65.889999,52.189999,54.459999,49.57,73.660004,86.610001
52.43,70.989998,24.42,65.889999,52.630001,55.279999,51.59,74.779999,86.919998
52.66,71.989998,24.969999,66.32,52.860001,55.139999,51.52,75.800003,87
52.110001,70.010002,24.790001,65.839996,53.110001,55.049999,50.959999,75.980003,86.849998
52.34,69.800003,24.450001,65.68,53.34,54.98,51.23,75.160004,87.360001
51.66,68.559998,23.540001,64.529999,52.84,54.700001,51.889999,74.290001,86.559998
52.41,69.900002,23.73,65.059998,53.310001,54.580002,51.310001,74.360001,87.949997
52.59,70.360001,23.52,65.129997,53.060001,54.700001,51.400002,74.410004,87.260002
51.310001,69.309998,22.9,64.019997,52.369999,54.84,51.68,73.980003,86.550003
52.200001,67.790001,23.16,65.410004,53.169998,55,51.73,73.68,88.25
53.07,67.839996,23.530001,66.339996,54.380001,55.18,51.700001,75.5,90.059998
53.48,67.309998,23.84,66.919998,54.970001,55.220001,51.73,75.970001,90.169998
52.610001,67.75,23.559999,66.300003,55.560001,54.959999,51.73,75.279999,89.879997
52.439999,68.080002,23.35,66.160004,55.240002,55.349998,52.080002,75.029999,89.25
52.93,66.610001,23.610001,67.410004,56.380001,56.5,53.400002,75.889999,90.739998
53.849998,65.089996,23.450001,68.209999,57.189999,57.27,54.279999,77.419998,92.239998
54.630001,66.419998,24.290001,67.910004,56.02,56.669998,53.669998,77.519997,90.370003
54.02,66.300003,24.290001,68.68,55.25,55.950001,54.110001,77.690002,90.150002
53.849998,64.379997,23.889999,68.010002,56.299999,55.490002,53.209999,80.470001,89.519997
53.810001,64.919998,24.67,68.110001,54.720001,54.939999,51.959999,79.239998,89.629997
54.139999,64.010002,25.049999,68.660004,55.009998,54.509998,51.490002,79.220001,89.199997
55.25,65.400002,24.92,69.43,56.860001,54.720001,51.919998,80.129997,90.190002
55.259998,65.110001,24.799999,68.779999,57.470001,55.080002,53.290001,80.989998,91.129997
55.060001,66.470001,24.91,68.400002,57.439999,55.34,53.040001,79.959999,91.389999
54.580002,65.639999,25.389999,68.879997,57.610001,55.02,53.779999,79.480003,91.029999
53.48,63.939999,24.73,67.860001,57.099998,55.119999,53.740002,78.599998,89.860001
53.709999,62.32,24.620001,67.150002,57.07,55.200001,54.5,78,88.25
54.43,63,24.809999,67.5,57.700001,54.669998,55.139999,78.949997,88.629997
55.43,63.580002,24.77,68.519997,58.779999,54.970001,54.799999,81.230003,90.07
55.009998,64.400002,24.1,68.269997,58.029999,55.09,55.360001,82.540001,89.169998
56.07,65.839996,24.77,69.389999,58.740002,55.220001,54.75,82.589996,89.629997
56.549999,67.199997,25.43,70.75,58.52,53.919998,53.23,81.580002,89.540001
56.799999,68.480003,25.860001,71,59.099998,53.98,53.049999,81.730003,90.080002
57.900002,68.07,26.35,71.940002,59.950001,53.810001,53.43,82.889999,91.720001
58.349998,68.139999,26.129999,72.059998,60.5,54.57,54.150002,82.419998,91.220001
58.740002,67.769997,26.639999,72.959999,61.099998,53.900002,54.860001,83.879997,91.360001
59.119999,67.339996,26.780001,72.32,62.540001,53.099998,55.049999,82.139999,92.400002
58.830002,68.68,26.780001,71.830002,63.490002,53.139999,55.209999,81.610001,91.699997
58.110001,69.660004,26.08,71.059998,63.5,54.279999,55.509998,81.199997,92.370003
58.310001,67.43,26.16,70.5,63.349998,54.759998,55.810001,81.239998,93.540001
58.84,67.879997,26.219999,71.410004,64.5,54.77,55.880001,81.769997,94.629997
59.07,69.68,27.58,73.589996,63.509998,56.189999,56.41,83.300003,96.610001
59.43,69.279999,28.01,74.690002,63.599998,56.59,55.869999,83.010002,97.25
59.080002,68.720001,27.809999,74.519997,64.559998,56.880001,55.02,83.709999,97.970001
60.34,71.970001,28.049999,75.400002,64.540001,56.869999,52.450001,82.910004,98.980003
60.529999,72.260002,27.91,75.669998,63.950001,56.889999,52.68,82.68,98.690002
62.860001,74.970001,28.41,77.620003,66.300003,56.93,51.330002,85.25,101.779999
63.389999,77.419998,29.23,80.169998,66.809998,56.650002,50.259998,86.82,105.029999
63.279999,76.379997,29.540001,79.690002,67.800003,58.029999,49.990002,88.440002,105.599998
64.089996,77.510002,30.17,80.660004,69.190002,58.709999,51.040001,91.540001,109
60.459999,72.459999,29.360001,77.989998,66.480003,56.470001,49.880001,86.889999,105.589996
58.419998,66.669998,27.68,73.809998,63.529999,53.709999,48.560001,82.099998,100.830002
60.48,68.120003,28.98,77.290001,67.18,55.599998,50.119999,85.410004,104.790001
61.290001,68.800003,29.120001,77.68,68.290001,54.349998,50.349998,85.330002,105.910004
58.959999,66.949997,28.440001,75.129997,67.68,53.740002,48.939999,83.639999,103.050003
61.32,68.449997,29.700001,78.449997,70.510002,54.599998,49.400002,86.510002,106.239998
59.150002,67.309998,28.870001,76.580002,69.610001,53.25,50.25,85.389999,105.18
56.02,66.769997,26.82,72.739998,64.279999,50.860001,49.060001,79.669998,100.18
56.939999,67.410004,27.57,74.290001,65.419998,52.630001,50.529999,81.400002,101.290001
56.509998,67.349998,27.17,72.769997,64.050003,52.419998,50.419998,79.879997,100.68
58.110001,71.410004,27.459999,73.989998,66.32,52.59,49.790001,81.870003,101.220001
59,73.300003,27.879999,75.599998,66.209999,50.490002,50.299999,82.089996,102.980003
57.759998,73.82,27.700001,73.190002,65.889999,50.77,51.709999,83.540001,104.110001
57.799999,73.849998,27.27,72.260002,67.620003,49.689999,51.509998,81,104.019997
58.889999,76.730003,28.26,74.709999,69.879997,49.540001,50.380001,83.029999,104.889999
59.860001,78.110001,27.950001,75.330002,68.870003,49.540001,48.990002,83.199997,104.870003
59.009998,74.580002,27.85,75.690002,69.75,49.880001,50.5,82.940002,106.129997
59.07,76.379997,27.48,75.260002,71.089996,49.66,50.209999,83.360001,106.540001
60.830002,76.900002,28.08,76.440002,71.68,50.830002,48.689999,85.040001,109.919998
59.73,74.169998,27.469999,75.120003,71.720001,51.540001,49.540001,85.459999,112.110001
58.52,75.150002,27.07,72.610001,70.800003,51.630001,50.75,84.93,111.32
58.07,75.940002,26.59,71.629997,69.470001,51.529999,51.959999,83.459999,109.300003
58.450001,75.669998,26.67,72.160004,71.059998,52.220001,53.169998,86.010002,110.300003
58.580002,76.260002,26.98,73.75,72.540001,52.740002,52.540001,87.400002,112.589996
58.290001,74.889999,27.559999,74.440002,72.550003,52.860001,52.290001,86.760002,112.150002
59.299999,76.629997,28.129999,76.010002,71.849998,53.380001,52.639999,87.959999,111.639999
59.290001,75.239998,28.120001,75.849998,72.720001,54.290001,53.299999,89.809998,111.860001
58.68,75.290001,27.969999,75.07,73.029999,53.240002,52.990002,89.629997,112.720001
58.43,72.610001,28.17,76.279999,73.150002,55.02,54.52,91.089996,112.510002
59.130001,74.540001,28.24,76.720001,74.279999,54.060001,53.73,91.889999,114.889999
59.27,74.440002,28.33,77.099998,75.599998,53.779999,53.470001,92.779999,116.949997
58.98,72.800003,28.33,77.589996,73.580002,54.369999,54.099998,92.550003,115.580002
59.41,74.260002,28.23,79.07,74.940002,54.759998,54.299999,93.529999,116.919998
60.560001,75.099998,28.74,80,74.610001,55.02,53.060001,94.269997,116.919998
57.93,75.739998,27.58,78.400002,75.330002,53.93,52.650002,95.150002,117.220001
57.639999,77.160004,28,78.93,73.620003,53.439999,53.630001,94.290001,112.239998
53.759998,73,26.43,73.900002,70.830002,52.380001,52.950001,91.07,108.480003
53.099998,71.529999,26.67,73.18,70.010002,54.689999,54.57,91.510002,106.339996
50.860001,66.480003,25.26,69.099998,68.089996,53.830002,53.369999,87.419998,103.410004
53.959999,67.559998,26.379999,70.989998,68.739998,55.110001,53.150002,89.260002,107.970001
54.98,68.5,27.120001,72.419998,69.839996,56.82,54.869999,92.949997,110.019997
55.240002,67.18,26.790001,71.989998,68.209999,56.060001,54.880001,92.040001,106.370003
53.310001,63.91,26,69.730003,64.080002,54.790001,54.110001,89.639999,102.019997
54.610001,66.110001,26.969999,72.540001,67.940002,56.259998,55.59,95.870003,107.989998
51.91,64.07,25.110001,68.029999,64.599998,54.720001,56.459999,90.559998,103.370003
51.32,62.09,24.24,67.050003,64.57,54.5,56.82,88.959999,102.330002
48.599998,56.110001,22.790001,62.25,59.200001,50.18,53.810001,82.68,93.760002
50.099998,57.049999,23.59,63.77,61.400002,50.57,52.830002,85.25,97.959999
51.279999,59.869999,24.26,65.150002,61.5,51.259998,52.77,85.959999,100.830002
52.27,62.009998,24.5,67.870003,63.540001,51.630001,53.23,87.809998,104.580002
53.509998,63.84,26,70.190002,65.349998,52.450001,53.139999,90.080002,106.809998
53.119999,62.93,26,70.07,65.93,51.73,53.32,88.919998,107.029999
53.509998,64.889999,26.049999,71.879997,66.669998,53.220001,54.549999,90.75,107.190002
52.700001,62.939999,25.67,73.07,67.989998,53.790001,55.68,89.940002,107.129997
54.48,66.120003,26.43,75.690002,69.620003,54.349998,55.709999,92.849998,110.059998
55.779999,65.760002,26.459999,76.209999,70.639999,54.43,57.049999,92.550003,111.110001
54.98,66.449997,26.690001,76.410004,71.339996,54.240002,57.130001,92.949997,111.099998
54.73,63.900002,25.969999,74.269997,69.809998,53.709999,57.549999,89.400002,108.410004
55.400002,65.510002,26.629999,73.989998,72.989998,54.700001,58.189999,91.989998,110.599998
54.330002,65.470001,25.34,72.949997,73.32,55.080002,58.490002,90.620003,111.669998
55.5,66.120003,25.709999,75.029999,74,56.110001,58.169998,91.75,113.849998
57.82,67.610001,26.6,77.010002,75.919998,55.59,58.099998,92,117.519997
58.119999,67.559998,27.139999,77.279999,76.809998,56.200001,58.209999,89.809998,118.32
57.82,67.190002,27.34,78.309998,77.82,56.869999,57.290001,85.919998,119.269997
57.07,66.220001,27.700001,77.519997,78.559998,56.98,58.099998,89.010002,120.669998
56.669998,64.25,28.07,78.400002,78.839996,57.41,58.299999,90.160004,120.099998
55.139999,64.050003,27.48,76.269997,76.18,57.310001,57.959999,88.910004,117.290001
54.650002,63.75,26.879999,74.82,75.379997,57.75,58.779999,88.440002,115.910004
53.790001,61.619999,26.860001,73.779999,73.300003,57.52,59.830002,89.559998,113.43
52.75,58.77,26.01,72.050003,71.889999,55.610001,58.25,87.279999,110.940002
57.529999,61.27,27.120001,75.720001,76.190002,58.630001,60.060001,91.010002,115.779999
57.869999,61.009998,27.24,75.410004,76.099998,59.09,60.810001,91.25,118.489998
57.669998,63.560001,27.219999,77.080002,78.309998,58.720001,60.990002,93.730003,119.519997
58.5,63.709999,27.6,77.419998,78.040001,58.07,59.630001,92.639999,119.199997
58.919998,63.09,28.16,77.510002,79.949997,59.400002,60.68,93.75,121.699997
58.369999,64.440002,28.32,78.389999,81.139999,59.830002,60.610001,92.440002,124.080002
58.41,62.759998,27.940001,77.449997,80.690002,59.939999,60.369999,91.760002,122.160004
59.060001,62.450001,28.690001,78.5,82.589996,60.369999,59.98,92.07,123.550003
57.330002,60.400002,27.6,75.82,79.050003,59.23,60.150002,91.050003,118.099998
57.73,59.099998,27.17,75.419998,78.489998,59.32,60.869999,91.400002,118.290001
56.619999,57.02,26.57,74.300003,78.279999,60.209999,61.380001,90.550003,115.889999
54.950001,55.959999,26.1,73.120003,77.169998,59.619999,61.48,88.760002,116.489998
56.689999,57.48,26.92,75.760002,79.529999,60.720001,62.580002,90.599998,119.580002
57.240002,59.029999,27.440001,77.199997,81.5,61.439999,62.810001,91.269997,122.870003
59.139999,61.080002,28.49,79.349998,81.160004,61.040001,62.939999,91.510002,123.419998
58.34,61.279999,28.08,77.809998,80.260002,60.32,63.869999,92,120.389999
57.709999,59.630001,28.07,77.519997,79.690002,61.119999,64.699997,89.330002,119.669998
56.310001,57.380001,27.459999,75.610001,80.550003,61.400002,64.769997,90.129997,119.220001
57.349998,57.889999,27.65,76.800003,81.57,60.84,63.919998,89.940002,120.589996
57.509998,57.029999,28.110001,76.940002,80.910004,60.740002,63.82,91.760002,122.169998
58.259998,59.52,28.639999,78.599998,82.919998,61.09,64.160004,92.059998,121.059998
59.009998,59.279999,29.120001,80.220001,84.669998,61.150002,64.089996,94.870003,121.650002
60.169998,60.689999,29.84,81.760002,86.120003,60.759998,61.75,95.129997,121.339996
60.360001,60.080002,29.75,82.309998,87.239998,61.330002,62.849998,97.459999,121.370003
59.330002,59.830002,29.92,81.669998,86.589996,61.299999,63,98.260002,120.309998
60.040001,58.889999,30.15,82.040001,88.160004,62,63.049999,99.489998,122.449997
60.099998,59.720001,30.360001,81.110001,87.760002,62.669998,63.209999,100.410004,121.739998
60.439999,60.310001,30.709999,81.709999,89.489998,62.779999,63.369999,100.879997,123.169998
60.880001,61.360001,30.68,81.440002,90.949997,63.099998,64.589996,102.699997,124.550003
61.16,61.68,30.77,81.900002,91.910004,63.25,64.379997,102.940002,126.050003
59.720001,60.400002,30.75,82.849998,92.339996,62.380001,63.939999,101.239998,125.830002
59.580002,59.810001,30.690001,82.75,94.349998,62.66,64.400002,102.800003,126.339996
61.139999,59.119999,31.030001,84.410004,97.120003,63.82,66.760002,104.489998,127.989998
59.740002,56.619999,30.389999,83.550003,97.43,63.59,68.360001,102.459999,125.949997
57.630001,53.439999,29.959999,81.110001,95.330002,63.18,68.980003,99.139999,125.32
60.09,53.98,30.92,83.650002,99.690002,64.260002,68.589996,103.040001,128.309998
60.509998,54.580002,31.17,84.639999,101.959999,64.790001,70.389999,103.93,131.690002
60.34,54.139999,30.77,83.589996,99.440002,64.650002,70.330002,103.43,130.300003
52.720001,45.27,26.59,73.080002,88.370003,57.990002,62.18,92.610001,115.830002
53.529999,42.5,25.549999,72.449997,88.910004,61.540001,67.110001,97.150002,114.650002
46.509998,32.189999,23.049999,62.939999,84.190002,56.610001,57.669998,90.660004,102.300003
40.68,25.860001,18.91,51.400002,71.419998,50.400002,47.82,79.089996,87.809998
44.259998,28.33,21.01,58.889999,78.589996,53.509998,55.68,84.989998,98.050003
42.610001,29.83,19.639999,56.34,77.120003,55.349998,51.790001,86.779999,92.410004
51.419998,33.91,23.379999,63.220001,85.199997,58.130001,60.830002,94.830002,106.68
50.259998,33.950001,22.389999,63.099998,89.260002,60.5,60.529999,100.779999,112.93
49.860001,34.619999,21.74,61.57,88.629997,58.709999,58.32,100.290001,112.25
50.790001,35.849998,22.059999,62.27,88.900002,57.619999,55.880001,97.830002,112.239998
52.48,38.779999,22.290001,63.110001,94.779999,58.119999,56.16,99.410004,117.260002
50.869999,35.990002,21.049999,59.459999,93.470001,57.389999,54.810001,100.419998,115.480003
52.93,38.48,21.92,63.84,96.489998,57.470001,56.48,99.620003,121.230003
55.450001,38.759998,23.41,67.669998,97.970001,59.23,59.689999,103.010002,124.190002
59.830002,44.84,26.24,74.790001,101.410004,60.419998,61.189999,103.209999,131.25
55.040001,39.82,23.83,68.82,99.410004,58.119999,58.669998,97.599998,125.339996
56.18,39.57,23.98,69.230003,102.239998,59.619999,57.490002,100.75,127.379997
54.490002,36.509998,22.58,66.139999,101.540001,57.130001,55.18,97.510002,123.75
57.529999,37.34,22.969999,68.980003,105.269997,58.990002,57.900002,101.599998,129.509995
57.990002,35.540001,23.459999,68.010002,108.080002,60.290001,57.77,100.709999,133.309998
61.16,36.689999,23.950001,72,106.830002,61.59,60.209999,105.889999,133.839996
61.470001,37.509998,24.27,71.839996,105.199997,62.130001,60.279999,105.099998,135.539993
60.360001,36.029999,24.030001,71.730003,110.43,62.700001,60.830002,105.529999,137
61.709999,37.18,24.84,75.129997,113.739998,63.509998,61.490002,106.410004,140.380005
62.630001,38.189999,25.18,77.529999,113.879997,64.160004,60.380001,106.800003,143.589996
61.889999,36.029999,24.309999,76.449997,117.940002,64.300003,59.419998,106.82,146.179993
63.970001,36.439999,25.360001,78.790001,123.160004,65.769997,59.07,108,150.529999
64.440002,34.869999,25.290001,77.839996,118.120003,65.540001,59.369999,105.699997,147.160004
65.07,32.619999,24.709999,77.610001,112.959999,64.650002,58.93,104.589996,146.070007
65.720001,33.610001,24.68,78.779999,111.760002,63.689999,58.52,105.540001,143.889999
62.459999,30.18,23.49,76.489998,113.940002,63.040001,58.720001,103.019997,143.919998
63.299999,29.309999,24.299999,77.610001,114.940002,64.099998,60.689999,104.160004,148.270004
66.510002,30.790001,25.23,80.709999,120.18,65.739998,63.48,108.360001,153.389999
66.269997,30.190001,24.99,81.599998,121.120003,66.169998,64,107.919998,152.850006
66,30.389999,25.25,81.169998,118.440002,65.389999,64.75,107.82,152.990005
63.18,28.719999,23.860001,75.870003,110.860001,62.259998,62.380001,101.660004,142.970001
68,28.93,24.959999,81.339996,121.580002,65.089996,64.129997,109.919998,152.759995
69.010002,33.880001,27.030001,85.760002,121.199997,67.529999,66.089996,112.120003,153.449997
69.760002,35.810001,27.18,86.660004,120.110001,66.5,63.540001,108.800003,153.690002
71.709999,38.91,28.469999,88.82,122.660004,66.919998,63.759998,109.440002,158.220001
71.779999,40.630001,28.98,89.209999,126.040001,67.629997,62.41,112.540001,158.029999
70.900002,41.119999,28.459999,88.769997,124.300003,67.32,62.240002,111.68,156.300003
72.209999,39.400002,28.49,88.839996,128.25,67.93,62.290001,113,159.990005
71.580002,38.119999,28.950001,88,129.059998,66.720001,61.209999,111.470001,157.880005
72.389999,37.900002,29.48,88.550003,130.020004,67.449997,62.700001,113.440002,160.779999
76.510002,41.419998,30.92,89.610001,130.759995,66.900002,62.330002,117.389999,168.789993
75.339996,42.75,30.940001,88.830002,127.419998,65.629997,62.990002,116.970001,165.800003
74.379997,42.07,30.34,88.510002,132.830002,65.07,62.84,117.589996,170.100006
70.639999,39.32,28.950001,84.769997,128.929993,64.089996,62.150002,115.029999,162.009995
73.529999,42.560001,30.889999,88.989998,135.320007,65.760002,63.59,115.669998,172.229996
74.339996,44.669998,31.52,90.300003,138.589996,65.690002,62.619999,117.279999,170.320007
75.050003,46.18,32.41,90.980003,136.050003,64.940002,61.41,114.410004,169.619995
73.550003,48.150002,32.310001,90.610001,130.690002,63.299999,58.360001,112.610001,161.149994
75.309998,52.950001,33.709999,93.440002,128.949997,64.699997,59.68,113.019997,156.820007
78.690002,53.57,34.77,96.769997,131.410004,66.150002,62.41,114.599998,166.770004
78,49.529999,34.220001,96.470001,129.600006,66.379997,62.200001,115.07,166.449997
79.690002,50.43,34.369999,98.32,132.669998,68.580002,63.470001,117.019997,166.059998
79.489998,50.310001,34.470001,98.779999,135.479996,67.980003,63.98,116.389999,169.419998
80.050003,48.189999,35.150002,100.510002,141.770004,68.919998,64.82,117.949997,175.979996
82.660004,48.400002,35.400002,101.139999,143.300003,69.809998,67.209999,121.480003,179.869995
82.910004,47.540001,35.380001,101.559998,142.699997,69.57,66.580002,123.68,177.820007
83.040001,49.389999,36.259998,101.93,139.699997,69.580002,66.720001,121.330002,178.919998
87.870003,53.630001,37.779999,105.349998,139.029999,70.639999,66.040001,124.07,177.619995
87.910004,53.490002,37.880001,104.730003,135.979996,70.910004,65.910004,123.449997,170.740005
86.599998,52.16,37.580002,103.040001,136.190002,71.019997,66.160004,124.360001,168.550003
87.260002,52.209999,37.990002,105.120003,138.399994,70.809998,65.160004,123.599998,172.839996
87.910004,55.75,38.470001,105.339996,140.020004,71.519997,65.389999,122.089996,171.029999
86.120003,55.380001,37.560001,103.510002,141.970001,70.940002,66.110001,124.550003,173.210007
80.739998,52.389999,35.23,99.610001,142.089996,68.800003,64.099998,123.739998,172.160004
82.129997,55.34,36.93,102.349998,145.229996,69.68,63.98,125.699997,177.929993
82.879997,54.689999,36.939999,103.290001,149.860001,69.93,64.019997,128.289993,181.139999
82.980003,52.849998,36.709999,103.489998,151.199997,70.150002,64.599998,128.710007,182.490005
81.089996,48.68,36.119999,101.910004,150.300003,71.040001,66.269997,128.619995,178.009995
81.730003,48.52,36.259998,103.610001,154.520004,71.400002,65.709999,131.479996,183.270004
84.019997,49.389999,36.52,103.360001,153.399994,71.510002,65.970001,132.149994,180.429993
84.139999,49.509998,37.860001,103.540001,154.860001,70.940002,67.449997,132.940002,181.009995
86.449997,49.419998,38.580002,105,154.990005,72.510002,68.68,133.690002,181.559998
83.779999,45.889999,37.689999,102.629997,155.740005,72.760002,69.93,136.110001,177.619995
85.949997,49.310001,39,104.919998,158,71.779999,68.519997,134.630005,181.839996
85.370003,48.619999,38.07,104.589996,159.360001,72.830002,69.489998,136.850006,183.520004
84.010002,47.790001,37.580002,101.959999,156.630005,71.879997,68.449997,133.190002,182.899994
81.330002,49.32,37.580002,100.330002,155.479996,71.360001,66.400002,133,184.110001
81.07,50.900002,38.220001,100.849998,156.710007,70.620003,65.139999,131.979996,184.899994
80.370003,53.84,38.150002,99.18,151.570007,69.019997,63.880001,127.330002,180.800003
81.18,56.57,39.02,100.949997,151.960007,70.050003,64.769997,126.940002,182.630005
84.150002,57.330002,39.509998,102.889999,155.910004,70.809998,65.68,127.970001,189.009995
84.830002,57.950001,40.619999,104.800003,158.410004,71.290001,67.25,131.669998,192.75
85.120003,57.470001,40.259998,104.489998,161.529999,71.25,66.910004,133.820007,201.149994
87.82,58.259998,40.02,106.389999,167.080002,73,67.220001,132.860001,211.259995
90.099998,57.549999,40.150002,106.900002,167.309998,72.839996,66.650002,133.809998,203.789993
88.309998,54.669998,39.02,105.730003,171.309998,72.050003,67.300003,132.970001,211.419998
86.400002,55.580002,38.77,103.209999,165.990005,71.959999,66.760002,131.970001,204.070007
85.309998,55.139999,38.029999,102.199997,165.130005,71.57,67.400002,130.369995,199.649994
88.300003,57.240002,39.049999,105.349998,174.880005,74.190002,69.150002,134.580002,204.990005
87.660004,54.369999,38.59,102.440002,167.880005,75.199997,70.010002,137.919998,195.289993
88.309998,54.900002,38.82,103.919998,172.940002,75.25,69.720001,139.300003,203.190002
90.610001,55.5,39.049999,105.809998,173.869995,77.110001,71.580002,140.889999,204.440002
89.300003,61.34,41.169998,106.489998,165.929993,77.419998,70.410004,134.350006,199.479996
88.800003,64.510002,40.830002,105.849998,165.759995,77.029999,69.400002,134.070007,196.520004
84.040001,62.450001,38.200001,101.199997,154.330002,75.959999,68.839996,129.470001,180.419998
83.220001,65.629997,38.720001,99.699997,158,75.68,67.959999,130.479996,178.100006
83.120003,68.900002,40.099998,100.110001,159.600006,75.889999,68.480003,132.300003,184.399994
84,70.410004,40.110001,99.360001,154.889999,75.25,67.029999,130.25,180.479996
83.860001,68.050003,39.220001,98.339996,152.440002,76.029999,66.220001,127.510002,180
84.339996,68.879997,39.099998,99.129997,154.350006,75.910004,67.580002,130.949997,176.190002
83.059998,75.230003,37.23,100.389999,149.75,75.870003,70.889999,132.520004,171.600006
81.849998,76.849998,36.400002,97.940002,144.059998,71.440002,70.43,128.940002,166.720001
86.099998,73.879997,39,102.839996,155.070007,74.190002,70.809998,136.990005,181.880005
89.290001,78.75,39.52,103.720001,158.220001,75.040001,72.779999,136.270004,183.360001
89.080002,77.059998,38.220001,102.18,158.460007,76.650002,75.5,138.070007,185.229996
88.480003,79.529999,37.889999,99.599998,152.410004,78.720001,76.959999,142.830002,179.479996
89.059998,79.849998,36.889999,99.940002,146.639999,78.839996,76.089996,138.639999,178.399994
85.739998,76.199997,36.169998,98.43,143.080002,79.239998,74.25,133.669998,175.820007
85.029999,75.150002,34.509998,95.139999,141.419998,77.639999,71.260002,130.289993,162.880005
84.529999,82.919998,34.740002,95.519997,140.570007,76.720001,72.209999,129.779999,158.149994
82.489998,80.779999,33.529999,93.099998,135.860001,76.949997,71.43,128.600006,152.320007
82.419998,81.769997,32.919998,89.739998,131.059998,70.699997,71.739998,129.779999,140.410004
87.360001,88.529999,35.57,95.470001,141.460007,75,75.370003,134.020004,153.759995
86.669998,89.510002,34.869999,95.550003,139.990005,73.82,74.349998,129.820007,153
81.669998,88.709999,32.529999,90.839996,131.089996,71.919998,71.339996,125.489998,144.470001
74.919998,73.489998,30.93,85.559998,124.620003,68.830002,64.870003,119.889999,136.100006
76.459999,71.589996,32.34,88.82,133.449997,72.849998,69.010002,129.199997,146.990005
74.120003,72.580002,31.879999,88.099998,127.410004,73.220001,71.849998,129.679993,140.009995
73.019997,70.949997,32.080002,87.910004,132.869995,72.900002,69.82,130.740005,146.369995
72.040001,68.589996,31.780001,86.839996,132.380005,72.940002,69.760002,130.199997,144.839996
75.059998,71.150002,32.75,90.449997,137.220001,73.199997,69.43,129.830002,154.75
78.129997,78.419998,33.709999,95.639999,144.220001,74.489998,73.949997,132.399994,162.830002
77.110001,73.080002,33.689999,96.120003,147.020004,74.639999,74.230003,131.449997,164.309998
81.120003,78.470001,35.560001,99.839996,150.610001,75.510002,76.720001,133.619995,169.910004
79.169998,79.459999,34.959999,98.839996,148.110001,76.910004,77.699997,132.919998,167.529999
78.169998,82.839996,33.720001,95.519997,139.880005,74.449997,75.709999,127.290001,159.679993
74.349998,79.959999,32.889999,92.160004,132.850006,72.559998,74.599998,124.989998,155.490005
78.07,80.599998,34.360001,95.290001,137.199997,73.980003,77.379997,130.5,164.479996
72.900002,78.440002,33.060001,89.209999,128.710007,71.330002,74.470001,127.449997,157.940002
68.43,70.480003,31.049999,84.75,123.739998,69.379997,71.760002,122.730003,146.419998
68.010002,72.019997,30.360001,82.839996,118.779999,66.730003,65.510002,121.110001,142.449997
69.459999,81.800003,30.889999,85.160004,120.769997,66.5,63.759998,122.620003,140.649994
68.18,80.279999,31.01,84.739998,116.800003,67.529999,62.150002,123.900002,135.270004
72.32,86.93,32.189999,88.690002,124.339996,68.910004,63.310001,126.540001,142.399994
74.75,89.25,34.189999,94.620003,129.580002,73.169998,67.410004,132.860001,144.960007
75.419998,91.419998,33.91,95.07,120.989998,71.849998,67.089996,130.809998,137.5
81.25,93.129997,35.869999,99.529999,133.139999,73.519997,68.080002,133.130005,145.089996
79.989998,91.629997,35.369999,99.440002,132.089996,74.68,68.849998,134.570007,140.990005
82.370003,91.870003,36.110001,101.300003,133.600006,76.25,70.940002,137.149994,142.630005
83.760002,90.309998,35.93,102.330002,135.360001,77.190002,71.029999,139.779999,145.960007
80.980003,82.68,34.529999,99.07,130.910004,75.889999,70.830002,137.979996,139.429993
79.080002,84.360001,33.700001,98.099998,127.480003,74.860001,70.480003,135.529999,133.910004
78.519997,87.059998,33.950001,98.389999,124.599998,75.18,70.910004,136.100006,129.429993
77.68,87.470001,34.200001,98.209999,124.440002,74.550003,70.5,135.850006,129.160004
80.370003,87.559998,35.380001,100.910004,124.730003,75.779999,71,135.669998,132.070007
83.790001,89.949997,36.119999,102.459999,130.490005,74.739998,71.330002,135.449997,139.699997
82.779999,90.480003,35.349998,98.989998,131.339996,72.620003,69.230003,133.910004,138.979996
83.400002,91.230003,36.25,101.139999,136.699997,72.860001,68.889999,132.860001,147.889999
83.410004,85.959999,36.59,102.849998,141.770004,73.400002,67.910004,132.690002,151.350006
